,Symbol,Market,Name,Sector,Industry,ListingDate,SettleMonth,Representative,HomePage,Region,Report_Date,Quarter_Revenue2020_3,Quarter_Operating_Profit2020_3,Quarter_Cashflow2020_3,Quarter_Earn2020_3,Quarter_Continue_Earn2020_3,Quarter_Percent_Operating_Profit2020_3,Quarter_Percent_Cashflow2020_3,Quarter_Percent_Earn2020_3,Quarter_Revenue2019_12,Quarter_Operating_Profit2019_12,Quarter_Cashflow2019_12,Quarter_Earn2019_12,Quarter_Continue_Earn2019_12,Quarter_Percent_Operating_Profit2019_12,Quarter_Percent_Cashflow2019_12,Quarter_Percent_Earn2019_12,Quarter_Full_EPS,Last_Revenue2019_3,Last_Operating_Profit2019_3,Last_Cashflow2019_3,Last_Earn2019_3,Last_Continue_Earn2019_3,Last_Percent_Operating_Profit2019_3,Last_Percent_Cashflow2019_3,Last_Percent_Earn2019_3,Last_Revenue2018_12,Last_Operating_Profit2018_12,Last_Cashflow2018_12,Last_Earn2018_12,Last_Continue_Earn2018_12,Last_Percent_Operating_Profit2018_12,Last_Percent_Cashflow2018_12,Last_Percent_Earn2018_12,Fake_Last_Full_EPS,Last_Full_Revenue,Last_Full_Operating_Profit,Last_Full_Cashflow,Last_Full_Earn,Real_Last_Full_EPS,Quarter_BPS,Last_Full_BPS,Quarter_ROA,Last_Full_ROA,QUARTER_ROE,LAST_FULL_ROE,Operating_Profit_Change_Now,Operating_Profit_Change_Before,Revenue_Change_Now,Revenue_Change_Before
0,990,KOSPI,DB하이텍,반도체 제조업,반도체 제조,1975-12-12,12월,최창식,http://www.dbhitek.co.kr,경기도,2020-05-15,225803046210.0,64743306581.0,54780447177.0,55064822116.0,55064822116.0,28.67,24.26,24.39,212031662106.0,47842004372.0,60447812245.0,12503487246.0,12503487246.0,22.56,28.51,5.9,4956.0,159579694843.0,22372373933.0,12781876809.0,16123092350.0,16123092350.0,14.02,8.01,10.1,173033130204.0,25803216264.0,80376308935.0,17593694144.0,35401938828.0,14.91,46.45,10.17,1452.0,807416422918.0,181292187959.0,161078351164.0,104637012339.0,2356.0,15618.0,14516.0,19.66,9.61,31.73,16.23,14.650000000000002,7.649999999999999,41.49860759675773,
1,82740,KOSPI,HSD엔진,일반 목적용 기계 제조업,"대형선박용엔진,내연발전엔진",2011-01-04,12월,고영열,http://www.hsdengine.com,경상남도,2020-05-15,215900086667.0,10152168846.0,35086377865.0,5584025354.0,5584025354.0,4.7,16.25,2.59,238646258405.0,-3764018887.0,-2094168406.0,-17220584578.0,-17220584578.0,-1.58,-0.88,-7.22,476.0,101642304778.0,-13828585292.0,-18067240440.0,-12667609914.0,-12667609914.0,-13.61,-17.78,-12.46,116146864047.0,-13339264942.0,33721528066.0,-6164716904.0,-28928859045.0,-11.48,29.03,-5.31,-1084.0,674278133124.0,-21837810975.0,-64742927585.0,-41444357903.0,-886.0,3762.0,4033.0,2.75,-4.99,12.65,-21.98,18.31,9.9,112.41164015175949,
2,210980,KOSPI,SK디앤디,부동산 임대 및 공급업,"비주거용 부동산개발 및 임대(오피스, 지식산업센터, 호텔 등)",2015-06-23,12월,함스테판윤성,http://www.skdnd.com,경기도,2020-05-15,97419919701.0,19854041702.0,-164196810772.0,14350042317.0,0.0,20.38,-168.55,14.73,236669507611.0,53357817611.0,96400200094.0,38391315716.0,0.0,22.55,40.73,16.22,2584.0,52335299521.0,-528294696.0,-31116994218.0,-4911602476.0,0.0,-1.01,-59.46,-9.38,126175279680.0,14221010028.0,1186406920.0,5338104333.0,0.0,11.27,0.94,4.23,-884.0,454720099303.0,82257926441.0,277141617353.0,44903285859.0,2023.0,17346.0,16289.0,3.77,3.21,14.9,12.42,21.39,11.280000000000001,86.14571922323555,
3,100840,KOSPI,SNT에너지,일반 목적용 기계 제조업,"공냉식 열교환장치,폐열회수장치 제조",2008-02-22,12월,신경인,http://www.hisnt.com,경상남도,2020-05-13,56058680378.0,6064238153.0,21267144569.0,10864515400.0,0.0,10.82,37.94,19.38,48804585320.0,1803667392.0,-4297494133.0,-1271453307.0,0.0,3.7,-8.81,-2.61,5788.0,33255804330.0,2048957356.0,954860810.0,3309795639.0,0.0,6.16,2.87,9.95,28759981216.0,-5152902900.0,-7386100821.0,-4827827614.0,0.0,-17.92,-25.68,-16.79,1760.0,213326726381.0,17473547723.0,-40064824091.0,15452272592.0,2058.0,32958.0,32629.0,12.61,4.63,17.56,6.31,4.66,21.62,68.5681086577406,
4,6090,KOSPI,사조오양,수산물 가공 및 저장 처리업,"원양어업/수산물가공(게맛살) 제조,수출입/냉동 및 냉장보관/부동산 임대",1986-12-24,12월,정태식,http://www.sajooy.com,서울특별시,2020-05-15,79356917978.0,5053125767.0,8712494808.0,2852638128.0,0.0,6.37,10.98,3.59,87818802080.0,7119673832.0,12193643573.0,4309765782.0,0.0,8.11,13.89,4.91,1208.0,71562900761.0,1455827566.0,-320808570.0,590523878.0,0.0,2.03,-0.45,0.83,67969890762.0,-6963311308.0,-343333401.0,-8605559907.0,0.0,-10.24,-0.51,-12.66,248.0,313595839590.0,22613475410.0,27900743999.0,13214801065.0,1402.0,18630.0,17783.0,3.61,4.25,6.48,7.89,4.34,18.35,10.891142105921377,
5,1470,KOSPI,삼부토건,토목 건설업,"토목공사,건축공사,포장공사,건설업,분양사업/건설자재 제조",1976-06-26,12월,"이응근,이계연",http://www.sambu.co.kr,서울특별시,2020-05-15,83697557898.0,702074805.0,16538812811.0,436699715.0,456653581.0,0.84,19.76,0.52,85500231329.0,1861589843.0,15285801042.0,297138044.0,381569095.0,2.18,17.88,0.35,12.0,38969617850.0,-1466205644.0,-4045485719.0,-1078099306.0,-1061174445.0,-3.76,-10.38,-2.77,51790042008.0,-3003016545.0,7492934590.0,-3649162275.0,55953596956.0,-5.8,14.47,-7.05,-28.0,226287328070.0,4957492088.0,-10280054299.0,7421847571.0,53.0,1451.0,1458.0,0.36,1.76,0.83,3.7,4.6,7.98,114.77643999529239,
6,180,KOSPI,성창기업지주,회사 본부 및 경영 컨설팅 서비스업,"합판, 마루, 파티클보드, 우드칩, 포르말린 등 제조",1976-06-02,12월,우인석,http://www.sce.kr,부산광역시,2020-05-15,40171334829.0,1263353668.0,7534049782.0,832332077.0,1091691550.0,3.14,18.75,2.07,32940782271.0,3423031761.0,4465922013.0,-3179655086.0,-5912296590.0,10.39,13.56,-9.65,44.0,35270702359.0,-875869422.0,-2943319526.0,-1704805513.0,-1194188391.0,-2.48,-8.34,-4.83,21304501590.0,-1610375633.0,-6692382027.0,-2319080346.0,-5912296590.0,-7.56,-31.41,-10.89,-96.0,151041606849.0,-2951399189.0,8739061531.0,-10875066038.0,-155.0,8166.0,7532.0,0.4,-1.55,0.54,-2.07,5.62,17.95,13.894343299771316,
7,11690,KOSPI,와이투솔루션,반도체 제조업,"혼성직접회로,통신기기 제조/화공약품,케이블 도매",1995-12-21,12월,강석환,http://www.yuyang.co.kr,경기도,2020-05-15,29484000303.0,-2254693244.0,-21737090444.0,-29635693635.0,0.0,-7.65,-73.73,-100.51,35311875219.0,-1077749841.0,-2850235849.0,-3098377764.0,0.0,-3.05,-8.07,-8.77,-804.0,22441793102.0,-3503497137.0,-1309077383.0,-3445616387.0,0.0,-15.61,-5.83,-15.35,21175114884.0,-10801068484.0,1953883725.0,-20282719479.0,0.0,-51.01,9.23,-95.79,-92.0,108289227485.0,-5099545226.0,-14839894860.0,-9501426298.0,-64.0,470.0,784.0,-72.31,-4.59,-170.84,-8.23,7.959999999999999,47.96,31.37987757481109,
8,49800,KOSPI,우진플라임,특수 목적용 기계 제조업,"플라스틱사출성형기 제조,판매",2006-05-24,12월,김익환,http://www.woojinplaimm.com,충청북도,2020-05-15,52746021406.0,1478920451.0,5615596929.0,1639993350.0,0.0,2.8,10.65,3.11,54702967020.0,-243241451.0,9911675681.0,-3340894299.0,0.0,-0.44,18.12,-6.11,324.0,39211845635.0,-4550931502.0,436434132.0,-5132808489.0,0.0,-11.61,1.11,-13.09,43164892526.0,-3114113400.0,6783097089.0,-3327272159.0,0.0,-7.21,15.71,-7.71,-1024.0,181802338349.0,-8331188207.0,14256743123.0,-13606883522.0,-680.0,2533.0,2631.0,2.43,-5.08,12.79,-25.85,14.41,6.77,34.515528539466565,
9,93230,KOSPI,이아이디,기타 전문 도매업,"무선통신기기부품,전시용 핸드폰모형기(ADM) 제조",2007-11-01,12월,김성규,http://www.eid21.co.kr,경기도,2020-05-14,59975881967.0,4550539997.0,6701578973.0,3988706759.0,0.0,7.59,11.17,6.65,45866645519.0,3868166614.0,9207663760.0,3589645157.0,0.0,8.43,20.07,7.83,16.0,17623631891.0,-835522397.0,-1198192126.0,-993841108.0,0.0,-4.74,-6.8,-5.64,17839115377.0,-957329636.0,369791927.0,-3382499095.0,0.0,-5.37,2.07,-18.96,-4.0,141020916109.0,1484789114.0,-6709420867.0,465758861.0,0.0,196.0,165.0,5.82,0.23,8.16,0.34,12.33,13.8,240.3151083609977,
10,1550,KOSPI,조비,"비료, 농약 및 살균, 살충제 제조업","복합비료(연초용,수도용,시판용,특수작물용),양액재배용 비료,완효성 비료,부직포 제조,무역",1976-12-28,12월,이승연,http://www.chobi.co.kr,서울특별시,2020-05-15,18942945825.0,1443509992.0,-8331417971.0,540530089.0,0.0,7.62,-43.98,2.85,8724979766.0,-227683488.0,273384743.0,-26193030.0,0.0,-2.61,3.13,-0.3,416.0,16667893288.0,582493455.0,-14392466365.0,310928079.0,0.0,3.49,-86.35,1.87,6434551609.0,-1036049187.0,1757231914.0,-1489947532.0,0.0,-16.1,27.31,-23.16,236.0,70897366806.0,967629848.0,-2472663575.0,-127820028.0,-24.0,9354.0,9237.0,2.16,-0.14,4.45,-0.27,4.13,13.490000000000002,13.649310669860823,
11,17960,KOSPI,한국카본,"구조용 금속제품, 탱크 및 증기발생기 제조업","탄소섬유(카본프리프레그(낚시대,테니스라켓,골프 Shaft,스포츠레저용품)),합성수지,글라스페이퍼,LNG선박용 단열판넬 제조,도매",1995-07-08,12월,"조문수, 이명화 공동대표이사",http://www.hcarbon.com,경상남도,2020-05-15,88669640238.0,12602851186.0,13558502036.0,10124638867.0,10124638867.0,14.21,15.29,11.42,97854894443.0,18296933430.0,27862919062.0,11881673253.0,11891311541.0,18.7,28.47,12.14,920.0,43103916551.0,2375863932.0,-20901709607.0,1242830414.0,1240649051.0,5.51,-48.49,2.88,64647898267.0,5703204053.0,17422430686.0,-4227162044.0,16833554949.0,8.82,26.95,-6.54,112.0,273402502535.0,25286667254.0,-421619853.0,17701679655.0,402.0,7506.0,7112.0,9.29,4.45,12.26,5.66,8.700000000000001,9.879999999999999,105.71133050772133,-43.44730727136907
12,990,KOSPI,DB하이텍,반도체 제조업,반도체 제조,1975-12-12,12월,최창식,http://www.dbhitek.co.kr,경기도,2020-05-15,225803046210.0,64743306581.0,54780447177.0,55064822116.0,55064822116.0,28.67,24.26,24.39,212031662106.0,47842004372.0,60447812245.0,12503487246.0,12503487246.0,22.56,28.51,5.9,4956.0,159579694843.0,22372373933.0,12781876809.0,16123092350.0,16123092350.0,14.02,8.01,10.1,173033130204.0,25803216264.0,80376308935.0,17593694144.0,35401938828.0,14.91,46.45,10.17,1452.0,807416422918.0,181292187959.0,161078351164.0,104637012339.0,2356.0,15618.0,14516.0,19.66,9.61,31.73,16.23,14.650000000000002,7.649999999999999,41.49860759675773,
13,10120,KOSPI,LS ELECTRIC,"전동기, 발전기 및 전기 변환 · 공급 · 제어 장치 제조업","고압기기,저압기기,변압기,배전반,PLC,인버터,빌딩설비,공조기,건축배관,자동화기기 제조,동가공",1994-07-11,12월,"구자균, 박용상, 남기원",http://www.ls-electric.com,경기도,2020-05-15,635611194815.0,40465833553.0,34681681709.0,21680545685.0,21704309689.0,6.37,5.46,3.41,699209459546.0,43237552856.0,43034960796.0,13152305293.0,14230564394.0,6.18,6.15,1.88,2888.0,518534046975.0,28664690385.0,-11229432760.0,26438821402.0,26339562539.0,5.53,-2.17,5.1,630392530631.0,31707680072.0,77615058397.0,14485179702.0,-16536254744.0,5.03,12.31,2.3,3524.0,2346848548538.0,168548576962.0,216079620947.0,103868975414.0,3462.0,45261.0,45422.0,3.21,4.09,6.38,7.62,0.8399999999999999,1.1499999999999995,22.578488051652396,
14,2150,KOSPI,도화엔지니어링,"건축기술, 엔지니어링 및 관련 기술 서비스업","토목설계,건축설계,종합감리전문업,종합기술용역,엔지니어링",2010-08-12,12월,"김영윤, 박승우, 곽준상, 김덕구",http://www.dohwa.co.kr,서울특별시,2020-05-15,132389391484.0,6684889553.0,4334740800.0,7790189055.0,0.0,5.05,3.27,5.88,155611407244.0,11624676946.0,27805919071.0,8846149295.0,0.0,7.47,17.87,5.68,924.0,102430495347.0,2853596100.0,-10186965526.0,2683623008.0,0.0,2.79,-9.95,2.62,117156535162.0,8552644060.0,28756459461.0,6398705980.0,0.0,7.3,24.55,5.46,316.0,516127676383.0,27069213016.0,39114543034.0,17382973594.0,515.0,7497.0,7490.0,7.26,4.25,12.32,6.88,2.26,0.16999999999999993,29.248024268075007,
15,5960,KOSPI,동부건설,토목 건설업,"건축공사,토목공사,전기공사,기계설비공사/비금속,철구조물 제조,판매/여객,자동차 운송,항만하역",1978-10-30,12월,허상희,http://dbcon.dongbu.co.kr,서울특별시,2020-05-15,301526033385.0,17029634205.0,-39609651779.0,17995297938.0,0.0,5.65,-13.14,5.97,374968325890.0,24617755002.0,42225922894.0,30723231197.0,0.0,6.57,11.26,8.19,3132.0,209207789748.0,2737562749.0,-4493063702.0,5305259708.0,0.0,1.31,-2.15,2.54,314455637739.0,18138500951.0,28187637891.0,21634906865.0,0.0,5.77,8.96,6.88,924.0,1155368352146.0,55472119336.0,48287511795.0,59815372279.0,2605.0,19381.0,18321.0,7.76,6.71,16.16,14.22,4.34,0.8000000000000007,44.12753643074256,
16,2840,KOSPI,미원상사,기타 화학제품 제조업,"계면활성제,분황,황산,도료첨가제,프라스틱첨가제 제조",1989-09-25,12월,"홍창식, 손응주",http://www.mwc.co.kr,경기도,2020-05-15,69811756297.0,8847080264.0,14990987336.0,10955995665.0,10955995665.0,12.67,21.47,15.69,70165001533.0,7559523333.0,12408144401.0,6246010235.0,6246010235.0,10.77,17.68,8.9,8816.0,53793115209.0,4361234561.0,3158424547.0,4845271537.0,4845271537.0,8.11,5.87,9.01,58017871216.0,4088664072.0,5339622220.0,2510364291.0,9419020830.0,7.05,9.2,4.33,3896.0,249991190288.0,32260424871.0,19716029969.0,31123175047.0,6262.0,47460.0,45181.0,14.59,11.09,18.58,13.86,4.5600000000000005,3.7199999999999998,29.77823653782363,
17,134380,KOSPI,미원화학,기타 화학제품 제조업,"계면활성제, 황산및분황",2011-02-15,12월,정규식,http://www.miwonchemicals.com,울산광역시,2020-05-13,40895336456.0,4482051281.0,14963375979.0,4077791092.0,0.0,10.96,36.59,9.97,40012016744.0,3171787467.0,-2759587725.0,2721225926.0,0.0,7.93,-6.9,6.8,7416.0,34813015570.0,2843886010.0,11221676090.0,2566801713.0,0.0,8.17,32.23,7.37,30568983328.0,1180097846.0,-1013647330.0,1296661824.0,0.0,3.86,-3.32,4.24,4668.0,154724321537.0,15484152525.0,21324257528.0,13506620811.0,6141.0,48894.0,46440.0,12.82,11.34,15.17,13.22,2.790000000000001,4.07,17.471399091440443,
18,3850,KOSPI,보령제약,의약품 제조업,"의약품(제산제(겔포스),구심,용각산,고혈압치료제(카프릴),소염진통제(멘소레담),항생제(듀리세프),혈전치료제(아스트릭스)) 제조",1988-10-24,12월,장두현,http://www.boryung.co.kr,서울특별시,2020-05-15,134211629879.0,13394851259.0,10974483008.0,8333984295.0,0.0,9.98,8.18,6.21,138944102303.0,6376560668.0,-1507013993.0,5343503458.0,0.0,4.59,-1.08,3.85,484.0,118738698128.0,9424634658.0,22919478678.0,8877561896.0,0.0,7.94,19.3,7.48,112681917191.0,4886472199.0,8696662598.0,6071968046.0,0.0,4.34,7.72,5.39,516.0,524268670098.0,39063788696.0,46998848988.0,32221802685.0,469.0,4216.0,4119.0,6.73,6.35,11.48,11.39,2.04,0.25,13.031077479323733,
19,2810,KOSPI,삼영무역,기타 전문 도매업,"화공약품, 안경렌즈",1988-03-28,12월,이승용,http://www.samyung.co.kr,서울특별시,2020-05-15,98039918839.0,5080733552.0,2254037558.0,6202697466.0,0.0,5.18,2.3,6.33,83637796406.0,2887697900.0,6255387996.0,9045371634.0,0.0,3.45,7.48,10.81,1340.0,61305712681.0,1951787141.0,-2133083277.0,9174507469.0,0.0,3.18,-3.48,14.97,66211891869.0,1251908854.0,4688543359.0,7405529660.0,0.0,1.89,7.08,11.18,1984.0,274243608436.0,9196085718.0,8165760894.0,35836258151.0,1940.0,23955.0,21531.0,3.91,7.01,5.59,9.01,1.9999999999999996,1.5600000000000003,59.91971147802143,
20,36570,KOSPI,엔씨소프트,소프트웨어 개발 및 공급업,"인터넷머그게임(리니지),그룹웨어,인터넷커뮤니티 개발,유지,공급",2003-05-22,12월,김택진,http://www.ncsoft.net,서울특별시,2020-05-15,731110934868.0,241424012436.0,258293250149.0,195440675961.0,0.0,33.02,35.33,26.73,533833894701.0,141158127629.0,71012609928.0,53996598763.0,0.0,26.44,13.3,10.11,35640.0,358756454047.0,79514420675.0,73202465137.0,74696795035.0,0.0,22.16,20.4,20.82,399655379591.0,112572626062.0,86624219577.0,67633280891.0,0.0,28.17,21.67,16.92,13620.0,1701185422583.0,478992418793.0,392249235729.0,359154722508.0,16374.0,120496.0,114533.0,21.03,10.73,29.58,14.3,10.860000000000003,-1.7300000000000004,103.79032254907352,
21,20120,KOSPI,키다리스튜디오,"자료처리, 호스팅, 포털 및 기타 인터넷 정보매개 서비스업","만화, 소설 등 콘텐츠 제작 및 유통, 판매, 컴퓨터 프로그래밍, 시스템 통합 및 관리업",1996-07-03,12월,김영훈,http://www.kidaristudio.com,서울특별시,2020-05-15,11336185332.0,1080675148.0,171383081.0,823389660.0,752334888.0,9.53,1.51,7.26,8855435567.0,218968868.0,1026801510.0,2560313447.0,2135688569.0,2.47,11.6,28.91,96.0,5292542734.0,294945783.0,-184349472.0,214570250.0,214570250.0,5.57,-3.48,4.05,4829768651.0,138425889.0,-473958802.0,28501028.0,2057870289.0,2.87,-9.81,0.59,24.0,26737869784.0,702896894.0,775974287.0,2693115706.0,80.0,619.0,629.0,7.02,6.42,15.5,12.84,3.959999999999999,-0.3999999999999999,114.19166366243647,
22,990,KOSPI,DB하이텍,반도체 제조업,반도체 제조,1975-12-12,12월,최창식,http://www.dbhitek.co.kr,경기도,2020-05-15,225803046210.0,64743306581.0,54780447177.0,55064822116.0,55064822116.0,28.67,24.26,24.39,212031662106.0,47842004372.0,60447812245.0,12503487246.0,12503487246.0,22.56,28.51,5.9,4956.0,159579694843.0,22372373933.0,12781876809.0,16123092350.0,16123092350.0,14.02,8.01,10.1,173033130204.0,25803216264.0,80376308935.0,17593694144.0,35401938828.0,14.91,46.45,10.17,1452.0,807416422918.0,181292187959.0,161078351164.0,104637012339.0,2356.0,15618.0,14516.0,19.66,9.61,31.73,16.23,14.650000000000002,7.649999999999999,41.49860759675773,
23,114090,KOSPI,GKL,유원지 및 기타 오락관련 서비스업,카지노,2009-11-19,12월,김영산,http://www.grandkorea.com,서울특별시,2020-05-15,111506861380.0,26915612276.0,13224976202.0,14717904888.0,0.0,24.14,11.86,13.2,130847430228.0,22769352659.0,50587906744.0,18312380671.0,0.0,17.4,38.66,14.0,948.0,109181089475.0,16986968039.0,30923318691.0,8744197850.0,0.0,15.56,28.32,8.01,111838476468.0,8088461191.0,9095263940.0,6845370505.0,0.0,7.23,8.13,6.12,564.0,490752464360.0,96802634482.0,117589908519.0,72396401927.0,1170.0,9446.0,9460.0,6.09,7.96,10.04,12.37,8.58,10.169999999999998,2.130196645026655,
24,82740,KOSPI,HSD엔진,일반 목적용 기계 제조업,"대형선박용엔진,내연발전엔진",2011-01-04,12월,고영열,http://www.hsdengine.com,경상남도,2020-05-15,215900086667.0,10152168846.0,35086377865.0,5584025354.0,5584025354.0,4.7,16.25,2.59,238646258405.0,-3764018887.0,-2094168406.0,-17220584578.0,-17220584578.0,-1.58,-0.88,-7.22,476.0,101642304778.0,-13828585292.0,-18067240440.0,-12667609914.0,-12667609914.0,-13.61,-17.78,-12.46,116146864047.0,-13339264942.0,33721528066.0,-6164716904.0,-28928859045.0,-11.48,29.03,-5.31,-1084.0,674278133124.0,-21837810975.0,-64742927585.0,-41444357903.0,-886.0,3762.0,4033.0,2.75,-4.99,12.65,-21.98,18.31,9.9,112.41164015175949,
25,16380,KOSPI,KG동부제철,1차 철강 제조업,"철강재(냉연강판,아연도강판,칼라강판,석도강판,선재류,강관,형강,봉강),비철금속 제조,도매",1986-02-03,12월,박성희,http://www.kgdongbusteel.co.kr,서울특별시,2020-05-15,596218434749.0,28676050804.0,2273133746.0,4582546500.0,0.0,4.81,0.38,0.77,537666613442.0,33668838908.0,-39448512511.0,26810534665.0,0.0,6.26,-7.34,4.99,180.0,611853639293.0,1448085707.0,25308172113.0,-36232308182.0,0.0,0.24,4.14,-5.92,626417679271.0,9524402681.0,7095605666.0,76539290294.0,0.0,1.52,1.13,12.22,-1448.0,2428250197414.0,34639840274.0,-169803209911.0,-33311633936.0,-332.0,8615.0,8887.0,0.89,-1.41,2.09,-3.75,4.569999999999999,4.74,-2.5553831079711413,
26,34120,KOSPI,SBS,텔레비전 방송업,"TV,라디오방송,광고",2003-06-25,12월,박정훈(단독대표),http://www.sbs.co.kr,서울특별시,2020-05-15,176519747043.0,-6173039812.0,-9055828474.0,-16413801011.0,0.0,-3.5,-5.13,-9.3,243624081775.0,32517053360.0,36601567020.0,8549002023.0,0.0,13.35,15.02,3.51,-3596.0,167583721798.0,-27847710913.0,-28098088112.0,-5799829155.0,0.0,-16.62,-16.77,-3.46,228115891973.0,20520349905.0,12748021907.0,14282527241.0,0.0,9.0,5.59,6.26,-1268.0,817664243542.0,12579354049.0,-61044443944.0,19699198568.0,1079.0,34687.0,35457.0,-5.49,1.58,-10.37,3.04,13.120000000000001,4.35,5.332275204969607,
27,5090,KOSPI,SGC에너지,전기업,"증기, 전기, REC(신재생에너지공급인증서)",1993-01-06,12월,"이복영, 박준영, 안찬규",http://www.sgcenergy.co.kr,서울특별시,2020-05-15,83638568095.0,3165544590.0,7749983662.0,3414311578.0,3752118012.0,3.78,9.27,4.08,77174279687.0,-393572101.0,-16190095773.0,-1309361497.0,-4188309969.0,-0.51,-20.98,-1.7,928.0,56071089429.0,-2319503066.0,8799742294.0,80555049.0,2811055615.0,-4.14,15.69,0.14,70458853846.0,-10804280591.0,8152924207.0,-138272449.0,12588760385.0,-15.33,11.57,-0.2,20.0,284244834792.0,1121399705.0,6112416329.0,-198625678.0,-13.0,21183.0,21299.0,2.12,-0.03,4.38,-0.06,7.92,14.82,49.16522747593002,
28,210980,KOSPI,SK디앤디,부동산 임대 및 공급업,"비주거용 부동산개발 및 임대(오피스, 지식산업센터, 호텔 등)",2015-06-23,12월,함스테판윤성,http://www.skdnd.com,경기도,2020-05-15,97419919701.0,19854041702.0,-164196810772.0,14350042317.0,0.0,20.38,-168.55,14.73,236669507611.0,53357817611.0,96400200094.0,38391315716.0,0.0,22.55,40.73,16.22,2584.0,52335299521.0,-528294696.0,-31116994218.0,-4911602476.0,0.0,-1.01,-59.46,-9.38,126175279680.0,14221010028.0,1186406920.0,5338104333.0,0.0,11.27,0.94,4.23,-884.0,454720099303.0,82257926441.0,277141617353.0,44903285859.0,2023.0,17346.0,16289.0,3.77,3.21,14.9,12.42,21.39,11.280000000000001,86.14571922323555,103.76745386360953
29,100840,KOSPI,SNT에너지,일반 목적용 기계 제조업,"공냉식 열교환장치,폐열회수장치 제조",2008-02-22,12월,신경인,http://www.hisnt.com,경상남도,2020-05-13,56058680378.0,6064238153.0,21267144569.0,10864515400.0,0.0,10.82,37.94,19.38,48804585320.0,1803667392.0,-4297494133.0,-1271453307.0,0.0,3.7,-8.81,-2.61,5788.0,33255804330.0,2048957356.0,954860810.0,3309795639.0,0.0,6.16,2.87,9.95,28759981216.0,-5152902900.0,-7386100821.0,-4827827614.0,0.0,-17.92,-25.68,-16.79,1760.0,213326726381.0,17473547723.0,-40064824091.0,15452272592.0,2058.0,32958.0,32629.0,12.61,4.63,17.56,6.31,4.66,21.62,68.5681086577406,
30,4540,KOSPI,깨끗한나라,"펄프, 종이 및 판지 제조업","펄프,판지원지,화장지 제조,수출입",1975-06-25,12월,"최현수, 김민환",http://www.kleannara.com,서울특별시,2020-05-15,150923123102.0,18652950558.0,24340409572.0,13391181125.0,0.0,12.36,16.13,8.87,145158289893.0,10381035388.0,17616952304.0,17866495264.0,0.0,7.15,12.14,12.31,1436.0,150985278009.0,-6176641749.0,2219492147.0,-9602191481.0,0.0,-4.09,1.47,-6.36,149855822292.0,-3863729407.0,-3197890156.0,689112649.0,0.0,-2.58,-2.13,0.46,-1028.0,594158566684.0,5148279067.0,25519295228.0,-12127501778.0,-325.0,5209.0,4363.0,9.56,-2.25,27.56,-7.47,16.45,9.73,-0.04116620363231377,
31,23450,KOSPI,동남합성,기초 화학물질 제조업,"계면활성제,정밀화학품 제조,도매/부동산 임대",1996-12-24,12월,"김정돈, 박미령 (각자대표)",http://www.dongnamchem.com,충청남도,2020-05-15,31674714250.0,3467752050.0,7839121432.0,3037469221.0,0.0,10.95,24.75,9.59,32372520126.0,2510630320.0,-2600016301.0,12276286001.0,0.0,7.76,-8.03,37.92,3364.0,29443073086.0,1892078718.0,-2977828530.0,1528203660.0,0.0,6.43,-10.11,5.19,32480904032.0,1050138427.0,7759463415.0,984696513.0,0.0,3.23,23.89,3.03,1692.0,126057340118.0,9828616185.0,2780196187.0,17838941012.0,4941.0,24641.0,20644.0,12.33,18.75,13.65,23.94,4.52,4.529999999999999,7.579511681683567,
32,8970,KOSPI,동양철관,1차 철강 제조업,"수도용 도복장 강관,주물(강관말뚝),가스관 제조/아파트건설",1977-03-05,12월,이곽우,http://www.dysp.co.kr,충청남도,2020-05-13,45512911405.0,1513512099.0,12458715827.0,2106513785.0,0.0,3.33,27.37,4.63,47257758452.0,2060381886.0,-879864425.0,705599255.0,0.0,4.36,-1.86,1.49,68.0,39344237480.0,-561348366.0,-10825616888.0,-537361900.0,0.0,-1.43,-27.52,-1.37,44173665961.0,-2368267388.0,1603574438.0,-3005095021.0,0.0,-5.36,3.63,-6.8,-16.0,163430407587.0,3709292209.0,-22728688852.0,1779425684.0,14.0,687.0,671.0,5.03,1.08,9.89,2.23,4.76,9.72,15.678722781540102,
33,12690,KOSPI,모나리자,기타 종이 및 판지 제품 제조업,"화장지,미용티슈 제조,도매",1988-10-14,12월,박세훈,http://www.monarisa.co.kr,서울특별시,2020-05-15,32905738365.0,3360690793.0,6182834968.0,2452561992.0,0.0,10.21,18.79,7.45,28866938123.0,1265893086.0,4742383121.0,1014535525.0,0.0,4.39,16.43,3.51,268.0,32846483103.0,304987408.0,1309249668.0,302883556.0,0.0,0.93,3.99,0.92,31019583423.0,-900596226.0,1165343183.0,-786848765.0,0.0,-2.9,3.76,-2.54,32.0,117954229597.0,2773274933.0,7829594747.0,2430877771.0,66.0,1825.0,1780.0,11.16,3.15,14.68,3.73,9.280000000000001,7.289999999999999,0.18040062862799452,
34,6090,KOSPI,사조오양,수산물 가공 및 저장 처리업,"원양어업/수산물가공(게맛살) 제조,수출입/냉동 및 냉장보관/부동산 임대",1986-12-24,12월,정태식,http://www.sajooy.com,서울특별시,2020-05-15,79356917978.0,5053125767.0,8712494808.0,2852638128.0,0.0,6.37,10.98,3.59,87818802080.0,7119673832.0,12193643573.0,4309765782.0,0.0,8.11,13.89,4.91,1208.0,71562900761.0,1455827566.0,-320808570.0,590523878.0,0.0,2.03,-0.45,0.83,67969890762.0,-6963311308.0,-343333401.0,-8605559907.0,0.0,-10.24,-0.51,-12.66,248.0,313595839590.0,22613475410.0,27900743999.0,13214801065.0,1402.0,18630.0,17783.0,3.61,4.25,6.48,7.89,4.34,18.35,10.891142105921377,
35,1470,KOSPI,삼부토건,토목 건설업,"토목공사,건축공사,포장공사,건설업,분양사업/건설자재 제조",1976-06-26,12월,"이응근,이계연",http://www.sambu.co.kr,서울특별시,2020-05-15,83697557898.0,702074805.0,16538812811.0,436699715.0,456653581.0,0.84,19.76,0.52,85500231329.0,1861589843.0,15285801042.0,297138044.0,381569095.0,2.18,17.88,0.35,12.0,38969617850.0,-1466205644.0,-4045485719.0,-1078099306.0,-1061174445.0,-3.76,-10.38,-2.77,51790042008.0,-3003016545.0,7492934590.0,-3649162275.0,55953596956.0,-5.8,14.47,-7.05,-28.0,226287328070.0,4957492088.0,-10280054299.0,7421847571.0,53.0,1451.0,1458.0,0.36,1.76,0.83,3.7,4.6,7.98,114.77643999529239,
36,9770,KOSPI,삼정펄프,"펄프, 종이 및 판지 제조업","지류화장지,안면용,위생용 티슈 제조,판매",2006-10-17,12월,전성오,http://www.sjpulp.com,경기도,2020-05-15,37461763511.0,4578370862.0,5053858545.0,4350789513.0,0.0,12.22,13.49,11.61,38994279406.0,3281348070.0,7754648888.0,-232543588.0,0.0,8.41,19.89,-0.6,6960.0,36205187875.0,-750913077.0,2918905048.0,1055259024.0,0.0,-2.07,8.06,2.91,36872687558.0,-2061337320.0,1783219509.0,-3692191273.0,0.0,-5.59,4.84,-10.01,1688.0,147064265311.0,6702263684.0,16818531449.0,4670508769.0,1868.0,75334.0,73844.0,8.13,2.26,9.24,2.53,14.290000000000001,14.0,3.47070602240315,
37,180,KOSPI,성창기업지주,회사 본부 및 경영 컨설팅 서비스업,"합판, 마루, 파티클보드, 우드칩, 포르말린 등 제조",1976-06-02,12월,우인석,http://www.sce.kr,부산광역시,2020-05-15,40171334829.0,1263353668.0,7534049782.0,832332077.0,1091691550.0,3.14,18.75,2.07,32940782271.0,3423031761.0,4465922013.0,-3179655086.0,-5912296590.0,10.39,13.56,-9.65,44.0,35270702359.0,-875869422.0,-2943319526.0,-1704805513.0,-1194188391.0,-2.48,-8.34,-4.83,21304501590.0,-1610375633.0,-6692382027.0,-2319080346.0,-5912296590.0,-7.56,-31.41,-10.89,-96.0,151041606849.0,-2951399189.0,8739061531.0,-10875066038.0,-155.0,8166.0,7532.0,0.4,-1.55,0.54,-2.07,5.62,17.95,13.894343299771316,
38,4080,KOSPI,신흥,기계장비 및 관련 물품 도매업,"치과용기자재(방사선장치,전기진단장치),주사침 도소매,제조/부동산 임대",1991-02-08,12월,이용익,http://www.shinhung.co.kr,서울특별시,2020-05-15,28629449816.0,1655196067.0,5368052436.0,5440586496.0,0.0,5.78,18.75,19.0,32282293991.0,1379900576.0,-1860738996.0,865767594.0,0.0,4.27,-5.76,2.68,2288.0,29955193170.0,314319612.0,760522597.0,9293983.0,0.0,1.05,2.54,0.03,32181365433.0,-1264678120.0,1752348750.0,-2481430882.0,0.0,-3.93,5.45,-7.71,0.0,123013464262.0,2997622137.0,907641271.0,1776557720.0,187.0,9869.0,9261.0,14.12,1.21,23.18,2.02,4.73,8.2,-4.425754647870963,
39,49800,KOSPI,우진플라임,특수 목적용 기계 제조업,"플라스틱사출성형기 제조,판매",2006-05-24,12월,김익환,http://www.woojinplaimm.com,충청북도,2020-05-15,52746021406.0,1478920451.0,5615596929.0,1639993350.0,0.0,2.8,10.65,3.11,54702967020.0,-243241451.0,9911675681.0,-3340894299.0,0.0,-0.44,18.12,-6.11,324.0,39211845635.0,-4550931502.0,436434132.0,-5132808489.0,0.0,-11.61,1.11,-13.09,43164892526.0,-3114113400.0,6783097089.0,-3327272159.0,0.0,-7.21,15.71,-7.71,-1024.0,181802338349.0,-8331188207.0,14256743123.0,-13606883522.0,-680.0,2533.0,2631.0,2.43,-5.08,12.79,-25.85,14.41,6.77,34.515528539466565,
40,93230,KOSPI,이아이디,기타 전문 도매업,"무선통신기기부품,전시용 핸드폰모형기(ADM) 제조",2007-11-01,12월,김성규,http://www.eid21.co.kr,경기도,2020-05-14,59975881967.0,4550539997.0,6701578973.0,3988706759.0,0.0,7.59,11.17,6.65,45866645519.0,3868166614.0,9207663760.0,3589645157.0,0.0,8.43,20.07,7.83,16.0,17623631891.0,-835522397.0,-1198192126.0,-993841108.0,0.0,-4.74,-6.8,-5.64,17839115377.0,-957329636.0,369791927.0,-3382499095.0,0.0,-5.37,2.07,-18.96,-4.0,141020916109.0,1484789114.0,-6709420867.0,465758861.0,0.0,196.0,165.0,5.82,0.23,8.16,0.34,12.33,13.8,240.3151083609977,
41,1550,KOSPI,조비,"비료, 농약 및 살균, 살충제 제조업","복합비료(연초용,수도용,시판용,특수작물용),양액재배용 비료,완효성 비료,부직포 제조,무역",1976-12-28,12월,이승연,http://www.chobi.co.kr,서울특별시,2020-05-15,18942945825.0,1443509992.0,-8331417971.0,540530089.0,0.0,7.62,-43.98,2.85,8724979766.0,-227683488.0,273384743.0,-26193030.0,0.0,-2.61,3.13,-0.3,416.0,16667893288.0,582493455.0,-14392466365.0,310928079.0,0.0,3.49,-86.35,1.87,6434551609.0,-1036049187.0,1757231914.0,-1489947532.0,0.0,-16.1,27.31,-23.16,236.0,70897366806.0,967629848.0,-2472663575.0,-127820028.0,-24.0,9354.0,9237.0,2.16,-0.14,4.45,-0.27,4.13,13.490000000000002,13.649310669860823,
42,71320,KOSPI,지역난방공사,"증기, 냉·온수 및 공기조절 공급업","집단에너지공급 및 전기,증기 생산,판매",2010-01-29,12월,황창화,http://www.kdhc.co.kr,경기도,2020-05-15,854955601825.0,123009406462.0,207452510163.0,86805555977.0,87627038748.0,14.39,24.26,10.15,679771242581.0,34907665240.0,-65260978133.0,4531001465.0,4531001465.0,5.14,-9.6,0.67,29984.0,957281544648.0,80004273554.0,151883885011.0,55930477411.0,56484800762.0,8.36,15.87,5.84,765477472630.0,-11770053607.0,-22064826846.0,-215771453755.0,-14827587096.0,-1.54,-2.88,-28.19,19320.0,2367906314930.0,42213059502.0,188783020789.0,-25579850538.0,-2209.0,139667.0,132079.0,5.58,-0.43,21.47,-1.67,6.030000000000001,6.68,-10.68922130538159,
43,7810,KOSPI,코리아써키트,전자부품 제조업,"인쇄회로기판,Module 제조/부동산(건물) 임대",1985-09-09,12월,장세준,http://www.kcg.co.kr,경기도,2020-05-15,161535390361.0,8905560582.0,17018507836.0,8073907535.0,0.0,5.51,10.54,5.0,141406634845.0,7722601002.0,-1736703151.0,-6096733300.0,0.0,5.46,-1.23,-4.31,1364.0,137827478867.0,-1122610048.0,2933243195.0,-2587548397.0,0.0,-0.81,2.13,-1.88,130699223656.0,-1507141658.0,2427434903.0,-13493324640.0,0.0,-1.15,1.86,-10.32,-436.0,543423598661.0,13862521166.0,47211164274.0,688259548.0,29.0,16536.0,16530.0,6.45,0.14,8.25,0.18,6.32,6.609999999999999,17.201150081891527,
44,17960,KOSPI,한국카본,"구조용 금속제품, 탱크 및 증기발생기 제조업","탄소섬유(카본프리프레그(낚시대,테니스라켓,골프 Shaft,스포츠레저용품)),합성수지,글라스페이퍼,LNG선박용 단열판넬 제조,도매",1995-07-08,12월,"조문수, 이명화 공동대표이사",http://www.hcarbon.com,경상남도,2020-05-15,88669640238.0,12602851186.0,13558502036.0,10124638867.0,10124638867.0,14.21,15.29,11.42,97854894443.0,18296933430.0,27862919062.0,11881673253.0,11891311541.0,18.7,28.47,12.14,920.0,43103916551.0,2375863932.0,-20901709607.0,1242830414.0,1240649051.0,5.51,-48.49,2.88,64647898267.0,5703204053.0,17422430686.0,-4227162044.0,16833554949.0,8.82,26.95,-6.54,112.0,273402502535.0,25286667254.0,-421619853.0,17701679655.0,402.0,7506.0,7112.0,9.29,4.45,12.26,5.66,8.700000000000001,9.879999999999999,105.71133050772133,
45,97950,KOSPI,CJ제일제당,기타 식품 제조업,"설탕,소맥분,조미식품,육가공식품(돈육,돼지비계,돼지식용설육),대두가공식품,사료,의약품,생활화학제품 제조,도매,무역/통신판매",2007-09-28,12월,"손경식, 최은석 (각자 대표이사)",http://www.cj.co.kr,서울특별시,2020-05-15,5830942047000.0,275935495000.0,-85100134000.0,451924437000.0,0.0,4.73,-1.46,7.75,5961287482000.0,269797027000.0,1178271288000.0,93516125000.0,0.0,4.53,19.77,1.57,110348.0,5017753362000.0,179063297000.0,239997346000.0,40940401000.0,0.0,3.57,4.78,0.82,4922148208000.0,172652153000.0,379047681000.0,-50906756000.0,0.0,3.51,7.7,-1.03,9996.0,22352462296000.0,896857873000.0,2143095681000.0,191028303000.0,11661.0,639716.0,578788.0,6.59,0.73,17.25,2.01,1.1600000000000006,1.0200000000000005,16.20623068400228,
46,12030,KOSPI,DB,"컴퓨터 프로그래밍, 시스템 통합 및 관리업","컴퓨터 프로그래밍, 시스템 통합 및 관리",1993-01-06,12월,"문덕식,강운식 (각자 대표이사)",http://www.dbinc.co.kr,서울특별시,2020-05-14,64766050579.0,7793823647.0,6474984113.0,6671530581.0,6671530581.0,12.03,10.0,10.3,68058551113.0,3428867419.0,13494279296.0,-5170041477.0,4459913152.0,5.04,19.83,-7.6,132.0,52842481590.0,5788635349.0,1129964201.0,3982885328.0,3983389161.0,10.95,2.14,7.54,61014957926.0,-2014540306.0,-1891265144.0,-4462787937.0,4459913152.0,-3.3,-3.1,-7.31,76.0,238505592826.0,18493009586.0,31005214654.0,4404485641.0,21.0,1165.0,1048.0,6.61,1.21,11.33,2.09,1.08,8.34,22.56436229001107,
47,990,KOSPI,DB하이텍,반도체 제조업,반도체 제조,1975-12-12,12월,최창식,http://www.dbhitek.co.kr,경기도,2020-05-15,225803046210.0,64743306581.0,54780447177.0,55064822116.0,55064822116.0,28.67,24.26,24.39,212031662106.0,47842004372.0,60447812245.0,12503487246.0,12503487246.0,22.56,28.51,5.9,4956.0,159579694843.0,22372373933.0,12781876809.0,16123092350.0,16123092350.0,14.02,8.01,10.1,173033130204.0,25803216264.0,80376308935.0,17593694144.0,35401938828.0,14.91,46.45,10.17,1452.0,807416422918.0,181292187959.0,161078351164.0,104637012339.0,2356.0,15618.0,14516.0,19.66,9.61,31.73,16.23,14.650000000000002,7.649999999999999,41.49860759675773,
48,210,KOSPI,DL,기타 금융업,지주회사,1976-02-02,12월,배원복,http://www.dlholdings.co.kr,서울특별시,2020-05-15,2509375471958.0,290180729309.0,658898639635.0,198910682089.0,0.0,11.56,26.26,7.93,2746914960045.0,368504099201.0,538389896616.0,147537839285.0,0.0,13.42,19.6,5.37,37968.0,2322069392836.0,240888039914.0,397475692178.0,221045336599.0,0.0,10.37,17.12,9.52,2727639189525.0,166663172092.0,277213529414.0,7017749404.0,0.0,6.11,10.16,0.26,42192.0,9700078891564.0,1130120991411.0,952207650153.0,664994699070.0,31735.0,338115.0,321493.0,5.43,4.95,11.23,9.87,1.1900000000000013,7.31,8.066342879324486,
49,4840,KOSPI,DRB동일,고무제품 제조업,"고무벨트(V벨트,콘베이어벨트,평벨트),프라스틱제품 제조,판매",1976-05-21,12월,류영식,http://drbworld.com,부산광역시,2020-05-15,126048398945.0,5812170353.0,12919229116.0,666888861.0,4225423378.0,4.61,10.25,0.53,149912409978.0,7865112884.0,15520678140.0,-6211057701.0,13709649688.0,5.25,10.35,-4.14,132.0,128793864889.0,2264588806.0,12264523544.0,548483195.0,2082324736.0,1.76,9.52,0.43,139612767544.0,2390887319.0,10389588654.0,-10046906641.0,13709649688.0,1.71,7.44,-7.2,108.0,546994961176.0,26475358478.0,41831904027.0,8877288213.0,445.0,23346.0,23158.0,0.34,1.19,0.57,1.92,2.8500000000000005,3.54,-2.1316744756174204,
50,17940,KOSPI,E1,기타 전문 도매업,"LPG(프로판,부탄가스),가스기기판매",1997-08-27,12월,"구자용, 구동휘, 천정식 (각자 대표이사)",http://www.e1.co.kr,서울특별시,2020-05-15,1230909044942.0,70732862794.0,-61216092374.0,30465126139.0,0.0,5.75,-4.97,2.48,1315811824248.0,12813404657.0,59034284246.0,19210162098.0,0.0,0.97,4.49,1.46,17760.0,1058310640468.0,28444656705.0,160150872823.0,7112251871.0,0.0,2.69,15.13,0.67,1219819697546.0,-7751754673.0,82083173623.0,-22455115350.0,0.0,-0.64,6.73,-1.84,4144.0,4608269823064.0,106309924596.0,54693465173.0,-43166845096.0,-6292.0,180355.0,175404.0,3.23,-1.2,9.85,-3.59,3.06,1.6099999999999999,16.308860354807976,
51,114090,KOSPI,GKL,유원지 및 기타 오락관련 서비스업,카지노,2009-11-19,12월,김영산,http://www.grandkorea.com,서울특별시,2020-05-15,111506861380.0,26915612276.0,13224976202.0,14717904888.0,0.0,24.14,11.86,13.2,130847430228.0,22769352659.0,50587906744.0,18312380671.0,0.0,17.4,38.66,14.0,948.0,109181089475.0,16986968039.0,30923318691.0,8744197850.0,0.0,15.56,28.32,8.01,111838476468.0,8088461191.0,9095263940.0,6845370505.0,0.0,7.23,8.13,6.12,564.0,490752464360.0,96802634482.0,117589908519.0,72396401927.0,1170.0,9446.0,9460.0,6.09,7.96,10.04,12.37,8.58,10.169999999999998,2.130196645026655,
52,7070,KOSPI,GS리테일,종합 소매업,"체인화 편의점,슈퍼마켓,마트,전자상거래/부동산(빌딩) 임대",2011-12-23,12월,"허연수, 김호성",http://www.gsretail.com,서울특별시,2020-05-15,2141890677232.0,88763360645.0,215017593080.0,49386468207.0,0.0,4.14,10.04,2.31,2240833223950.0,49866603149.0,162994836464.0,9715015636.0,0.0,2.23,7.27,0.43,1884.0,2082757198807.0,21401827561.0,226501235574.0,10490855303.0,0.0,1.03,10.88,0.5,2172526571197.0,25299063860.0,-6716124045.0,5857231561.0,0.0,1.16,-0.31,0.27,400.0,9006928792999.0,238835955920.0,804329097136.0,143624028195.0,1371.0,24126.0,24357.0,2.7,2.04,7.81,5.63,3.1099999999999994,1.07,2.8391921275735625,
53,16380,KOSPI,KG동부제철,1차 철강 제조업,"철강재(냉연강판,아연도강판,칼라강판,석도강판,선재류,강관,형강,봉강),비철금속 제조,도매",1986-02-03,12월,박성희,http://www.kgdongbusteel.co.kr,서울특별시,2020-05-15,596218434749.0,28676050804.0,2273133746.0,4582546500.0,0.0,4.81,0.38,0.77,537666613442.0,33668838908.0,-39448512511.0,26810534665.0,0.0,6.26,-7.34,4.99,180.0,611853639293.0,1448085707.0,25308172113.0,-36232308182.0,0.0,0.24,4.14,-5.92,626417679271.0,9524402681.0,7095605666.0,76539290294.0,0.0,1.52,1.13,12.22,-1448.0,2428250197414.0,34639840274.0,-169803209911.0,-33311633936.0,-332.0,8615.0,8887.0,0.89,-1.41,2.09,-3.75,4.569999999999999,4.74,-2.5553831079711413,
54,1390,KOSPI,KG케미칼,기초 화학물질 제조업,"콘크리트혼화제, 비료, 친환경농자재, 수처리제",1989-08-25,12월,"곽정현, 김재익",http://www.kgchem.co.kr,울산광역시,2020-05-15,934865759202.0,58506909600.0,-57314625121.0,5070261570.0,0.0,6.26,-6.13,0.54,883286508238.0,27358563518.0,69823878404.0,-18974316625.0,219341422536.0,3.1,7.91,-2.15,1460.0,324929756970.0,24079910332.0,70133934165.0,3160209174.0,0.0,7.41,21.58,0.97,310197081403.0,-2357009115.0,59446182342.0,-11479091835.0,219341422536.0,-0.76,19.16,-3.7,908.0,2068395230839.0,117974346288.0,146745850908.0,96147983687.0,6933.0,93625.0,97466.0,0.52,2.32,1.56,7.11,-1.1500000000000004,3.8600000000000003,187.71318697299674,
55,25000,KOSPI,KPX케미칼,기초 화학물질 제조업,"PPG,PU RESIN,우레탄수지,대향막박리재,반도체 CM PAD,Polyether Polyol,산업용기초화학제품,화공약품 제조,판매",1994-12-27,12월,"양준영, 김문영, 최재호(각자대표이사)",http://www.kpxchemical.com,서울특별시,2020-05-15,177879071474.0,12437649021.0,40479205218.0,5653635535.0,0.0,6.99,22.76,3.18,203216272949.0,14471439525.0,-14676747121.0,11621839942.0,0.0,7.12,-7.22,5.72,4668.0,178645674181.0,7561782833.0,42017133450.0,8335838207.0,0.0,4.23,23.52,4.67,203406328683.0,8239821308.0,6088011387.0,-1552028780.0,0.0,4.05,2.99,-0.76,6888.0,765712141954.0,48429544337.0,65506712148.0,40755001507.0,8419.0,100209.0,98350.0,4.09,7.58,4.66,8.56,2.76,3.0700000000000003,-0.42911909874923393,
56,92230,KOSPI,KPX홀딩스,기초 화학물질 제조업,지주회사,2006-10-12,12월,양준영,http://www.kpxholdings.com,서울특별시,2020-05-15,236539023869.0,16809117346.0,46393087906.0,1931747496.0,7878788597.0,7.11,19.61,0.82,263907308297.0,17156420868.0,-15004645630.0,12892478856.0,25062739825.0,6.5,-5.69,4.89,1828.0,240921861776.0,11585510921.0,48192356005.0,8039124297.0,16212160931.0,4.81,20.0,3.34,266154269862.0,10210826503.0,11785969405.0,-4330778973.0,50703249228.0,3.84,4.43,-1.63,7612.0,1010321361637.0,64305418384.0,90482621819.0,34347254669.0,8131.0,282068.0,279656.0,0.52,2.37,0.65,2.91,2.3000000000000007,2.66,-1.8191947690803572,
57,58860,KOSPI,KTis,기타 정보 서비스업,"114전화번호안내, 고객센터",2010-12-17,12월,윤경근,http://www.ktis.co.kr,서울특별시,2020-05-15,111216279930.0,6476590943.0,12812209274.0,5130274421.0,0.0,5.82,11.52,4.61,106598105465.0,3028609663.0,-13610313369.0,-1406490026.0,0.0,2.84,-12.77,-1.32,588.0,112214378306.0,5301583948.0,11645899282.0,6041241880.0,0.0,4.72,10.38,5.38,114529315139.0,-1976058936.0,-15345749665.0,-1220520943.0,0.0,-1.73,-13.4,-1.07,692.0,451026612732.0,13757325441.0,36631752142.0,9203428102.0,264.0,4865.0,4835.0,7.03,2.95,12.08,5.47,1.1000000000000005,4.57,-0.889456762196964,
58,11070,KOSPI,LG이노텍,전자부품 제조업,기타 전자부품 제조업,2008-07-24,12월,정철동,http://www.lginnotek.co.kr,서울특별시,2020-05-15,2010875217328.0,137960248037.0,143852591367.0,80572279572.0,0.0,6.86,7.15,4.01,2965166992895.0,209251280924.0,416794953551.0,15471636984.0,0.0,7.06,14.06,0.52,13616.0,1368629571257.0,-11412579576.0,193172543180.0,-32995325550.0,0.0,-0.83,14.11,-2.41,2430507725137.0,103600363544.0,471071461795.0,63244064090.0,0.0,4.26,19.38,2.6,-5576.0,8302068230724.0,403129277832.0,769041422028.0,102302472637.0,4322.0,96843.0,93156.0,6.22,1.77,14.06,4.64,7.69,2.8,46.92618510946961,
59,66570,KOSPI,LG전자,통신 및 방송 장비 제조업,"이동통신단말기,C-TV,V.C.R.,컴퓨터,완전평면 TV,플라즈마 디스플레이 패널 TV,전자제품(세탁기외),CDMA(코드분할다중접속)이동통신,전자교환기,전송기기",2002-04-22,12월,배두용,http://www.lge.co.kr,서울특별시,2020-05-15,14727803000000.0,1090404000000.0,103970000000.0,1025438000000.0,0.0,7.4,0.71,6.96,16061202000000.0,101802000000.0,1142939000000.0,-875412000000.0,0.0,0.63,7.12,-5.45,25060.0,14915064000000.0,900639000000.0,437524000000.0,570874000000.0,0.0,6.04,2.93,3.83,15772262000000.0,75716000000.0,1356577000000.0,-170266000000.0,0.0,0.48,8.6,-1.08,13952.0,62306175000000.0,2436139000000.0,3689164000000.0,31285000000.0,191.0,99992.0,100361.0,9.49,0.07,25.06,0.19,1.3600000000000003,0.15000000000000002,-1.2555158998982505,
60,10120,KOSPI,LS ELECTRIC,"전동기, 발전기 및 전기 변환 · 공급 · 제어 장치 제조업","고압기기,저압기기,변압기,배전반,PLC,인버터,빌딩설비,공조기,건축배관,자동화기기 제조,동가공",1994-07-11,12월,"구자균, 박용상, 남기원",http://www.ls-electric.com,경기도,2020-05-15,635611194815.0,40465833553.0,34681681709.0,21680545685.0,21704309689.0,6.37,5.46,3.41,699209459546.0,43237552856.0,43034960796.0,13152305293.0,14230564394.0,6.18,6.15,1.88,2888.0,518534046975.0,28664690385.0,-11229432760.0,26438821402.0,26339562539.0,5.53,-2.17,5.1,630392530631.0,31707680072.0,77615058397.0,14485179702.0,-16536254744.0,5.03,12.31,2.3,3524.0,2346848548538.0,168548576962.0,216079620947.0,103868975414.0,3462.0,45261.0,45422.0,3.21,4.09,6.38,7.62,0.8399999999999999,1.1499999999999995,22.578488051652396,
61,25530,KOSPI,SJM홀딩스,자동차 부품 및 내장품 판매업,지주회사및경영자문,1997-02-12,12월,"김용호, 김휘중(각자대표이사)",http://www.sjmholdings.co.kr,경기도,2020-05-15,39010549438.0,2735561542.0,677228071.0,2721065364.0,0.0,7.01,1.74,6.98,40804139617.0,1352956514.0,3968973776.0,-101987900.0,0.0,3.32,9.73,-0.25,728.0,39015090337.0,720809509.0,4442714946.0,1347111078.0,0.0,1.85,11.39,3.45,40628127868.0,-195610538.0,2152530329.0,-598599234.0,0.0,-0.48,5.3,-1.47,360.0,160751443923.0,6298184875.0,21571733660.0,4920355933.0,329.0,16624.0,16923.0,3.49,1.59,4.38,1.95,5.16,3.8,-0.011638827337774056,
62,210980,KOSPI,SK디앤디,부동산 임대 및 공급업,"비주거용 부동산개발 및 임대(오피스, 지식산업센터, 호텔 등)",2015-06-23,12월,함스테판윤성,http://www.skdnd.com,경기도,2020-05-15,97419919701.0,19854041702.0,-164196810772.0,14350042317.0,0.0,20.38,-168.55,14.73,236669507611.0,53357817611.0,96400200094.0,38391315716.0,0.0,22.55,40.73,16.22,2584.0,52335299521.0,-528294696.0,-31116994218.0,-4911602476.0,0.0,-1.01,-59.46,-9.38,126175279680.0,14221010028.0,1186406920.0,5338104333.0,0.0,11.27,0.94,4.23,-884.0,454720099303.0,82257926441.0,277141617353.0,44903285859.0,2023.0,17346.0,16289.0,3.77,3.21,14.9,12.42,21.39,11.280000000000001,86.14571922323555,
63,68400,KOSPI,SK렌터카,운송장비 임대업,승용자동차 임대,2012-07-27,12월,황일문,http://www.skcarrental.com,서울특별시,2020-05-15,208616486657.0,19227906974.0,-84978581267.0,7246219163.0,0.0,9.22,-40.73,3.47,154951977633.0,2385890817.0,-55429886526.0,1354781927.0,0.0,1.54,-35.77,0.87,612.0,159640202710.0,9247262750.0,-19353698206.0,2209788417.0,0.0,5.79,-12.12,1.38,147619896057.0,-6003896333.0,27628384307.0,-6839556478.0,0.0,-4.07,18.72,-4.63,184.0,640883398984.0,41540309044.0,-54939756666.0,16301183725.0,344.0,9182.0,7290.0,1.3,0.99,6.66,4.73,3.4300000000000006,5.61,30.679166723415896,
64,64960,KOSPI,SNT모티브,자동차 신품 부품 제조업,"자동차부품(서스펜션모듈,전장품,속옵서버,에어백,트로틀바디,너클),방산품(총포) 제조,도매",2002-03-11,12월,김형철,http://www.sntdaewoo.com,부산광역시,2020-05-13,216529827495.0,18753127029.0,17772417754.0,23999483270.0,23999483270.0,8.66,8.21,11.08,258675499543.0,25467319916.0,74774179550.0,14583936631.0,14499261547.0,9.85,28.91,5.64,6564.0,225476367170.0,13875387235.0,28103547508.0,-58735775012.0,17624189432.0,6.15,12.46,-26.05,275351233939.0,19670202760.0,69661910496.0,9791232499.0,35485928871.0,7.14,25.3,3.56,-16068.0,976273915234.0,89214778793.0,99309970616.0,2420834148.0,165.0,52615.0,50335.0,8.91,0.23,12.48,0.33,2.51,2.71,-3.967839196315716,
65,100840,KOSPI,SNT에너지,일반 목적용 기계 제조업,"공냉식 열교환장치,폐열회수장치 제조",2008-02-22,12월,신경인,http://www.hisnt.com,경상남도,2020-05-13,56058680378.0,6064238153.0,21267144569.0,10864515400.0,0.0,10.82,37.94,19.38,48804585320.0,1803667392.0,-4297494133.0,-1271453307.0,0.0,3.7,-8.81,-2.61,5788.0,33255804330.0,2048957356.0,954860810.0,3309795639.0,0.0,6.16,2.87,9.95,28759981216.0,-5152902900.0,-7386100821.0,-4827827614.0,0.0,-17.92,-25.68,-16.79,1760.0,213326726381.0,17473547723.0,-40064824091.0,15452272592.0,2058.0,32958.0,32629.0,12.61,4.63,17.56,6.31,4.66,21.62,68.5681086577406,
66,500,KOSPI,가온전선,절연선 및 케이블 제조업,"전력선,통신케이블 제조,도매,수출입",1987-06-08,12월,윤재인,http://www.gaoncable.com,경기도,2020-05-15,216550304189.0,3214842865.0,33293611589.0,1603604809.0,0.0,1.48,15.37,0.74,223464954322.0,1592912070.0,-15241310192.0,731233043.0,0.0,0.71,-6.82,0.33,1540.0,198900463105.0,1354506805.0,-1979327395.0,1443238977.0,0.0,0.68,-1.0,0.73,200600598780.0,324621587.0,17776368827.0,-99467375.0,0.0,0.16,8.86,-0.05,1384.0,830264391828.0,7118670092.0,-10480082842.0,5464761886.0,1313.0,59830.0,61706.0,1.15,1.07,2.57,2.13,0.7999999999999999,0.5499999999999999,8.873705374271859,
67,9450,KOSPI,경동나비엔,가정용 기기 제조업,"가정용기름보일러,입형,횡형 온수보일러,가스보일러,버너,흡수식 냉온수기,전기보일러,진공온수보일러,태양열보일러 제조,판매",1993-08-31,12월,손연호,http://www.kdnavien.co.kr,경기도,2020-05-14,183230955770.0,12540393693.0,-17573741178.0,9080975878.0,0.0,6.84,-9.59,4.96,267220213684.0,20273679407.0,77437248199.0,8382232096.0,0.0,7.59,28.98,3.14,2668.0,164965828175.0,7858590130.0,12624730548.0,3015582266.0,0.0,4.76,7.65,1.83,251096994166.0,14749102516.0,53923040902.0,8469256030.0,0.0,5.87,21.47,3.37,884.0,774290704230.0,44824995058.0,78554867532.0,27854873261.0,2047.0,22871.0,22126.0,5.86,4.57,11.67,9.25,2.08,1.7199999999999998,11.072067346956171,
68,2140,KOSPI,고려산업,"곡물가공품, 전분 및 전분제품 제조업","배합사료,플라스틱용기 제조/부동산 임대",1991-01-14,12월,"전장열, 김영교(각자 대표이사)",http://www.hafeed.co.kr,부산광역시,2020-05-15,47275179455.0,919408381.0,-3671829344.0,401347074.0,0.0,1.94,-7.77,0.85,48695856539.0,2644742872.0,16949527181.0,2570643931.0,0.0,5.43,34.81,5.28,64.0,45470995967.0,-658518401.0,-2281461303.0,-505905757.0,0.0,-1.45,-5.02,-1.11,48377910948.0,2099559404.0,7474554410.0,1163416802.0,0.0,4.34,15.45,2.4,-80.0,192457070597.0,5812227924.0,10447483969.0,4478638970.0,179.0,3889.0,3842.0,0.84,2.17,1.65,4.67,3.3899999999999997,1.0899999999999999,3.967767693739023,
69,83420,KOSPI,그린케미칼,기타 화학제품 제조업,"비이온계면활성제 제조,도매",2005-10-20,12월,양준화,http://www.korgc.com,충청남도,2020-05-14,66457394101.0,3673111586.0,8377933735.0,2915198395.0,0.0,5.53,12.61,4.39,65600384845.0,3780981782.0,6149046999.0,2729140248.0,0.0,5.76,9.37,4.16,484.0,62497186589.0,1949425522.0,-1600942579.0,1595226394.0,0.0,3.12,-2.56,2.55,64308391987.0,1036194419.0,4502176111.0,1088237537.0,0.0,1.61,7.0,1.69,264.0,231874452551.0,7810600139.0,22132359583.0,5580405806.0,232.0,-3250.0,4520.0,2401.91,2.99,-14.89,5.14,2.41,4.1499999999999995,6.336617259339203,
70,4540,KOSPI,깨끗한나라,"펄프, 종이 및 판지 제조업","펄프,판지원지,화장지 제조,수출입",1975-06-25,12월,"최현수, 김민환",http://www.kleannara.com,서울특별시,2020-05-15,150923123102.0,18652950558.0,24340409572.0,13391181125.0,0.0,12.36,16.13,8.87,145158289893.0,10381035388.0,17616952304.0,17866495264.0,0.0,7.15,12.14,12.31,1436.0,150985278009.0,-6176641749.0,2219492147.0,-9602191481.0,0.0,-4.09,1.47,-6.36,149855822292.0,-3863729407.0,-3197890156.0,689112649.0,0.0,-2.58,-2.13,0.46,-1028.0,594158566684.0,5148279067.0,25519295228.0,-12127501778.0,-325.0,5209.0,4363.0,9.56,-2.25,27.56,-7.47,16.45,9.73,-0.04116620363231377,
71,8350,KOSPI,남선알미늄,1차 비철금속 제조업,알미늄샷시 제조/환경사업,1978-05-22,12월,"장규한,박찬홍",http://www.namsun.co.kr,대구광역시,2020-05-15,68776096485.0,2251043929.0,-6782993702.0,4460905766.0,4460905766.0,3.27,-9.86,6.49,96169784706.0,5401533889.0,12846710192.0,1582273006.0,1582273006.0,5.62,13.36,1.65,160.0,72633944696.0,1642882641.0,5536777912.0,2350993893.0,2350993893.0,2.26,7.62,3.24,82942243231.0,1923773078.0,-1870061646.0,16836668252.0,6095558453.0,2.32,-2.25,20.3,84.0,324782176767.0,11578882722.0,27655488615.0,14479408996.0,131.0,1632.0,1620.0,6.54,4.9,9.8,8.08,1.0100000000000002,3.3000000000000003,-5.311357144578236,
72,25860,KOSPI,남해화학,"비료, 농약 및 살균, 살충제 제조업","비료(요소,복합비료),공업제품원료 제조,도매",1995-11-10,12월,하형수,http://www.nhchem.co.kr,서울특별시,2020-05-15,294697202494.0,9100405129.0,-77824880203.0,6892348089.0,0.0,3.09,-26.41,2.34,279734958212.0,2663332419.0,21319366613.0,3426199952.0,0.0,0.95,7.62,1.22,552.0,329102449855.0,1619701392.0,-77122001201.0,2609760689.0,0.0,0.49,-23.43,0.79,273248374259.0,-14234700197.0,-8429698762.0,-15633433260.0,0.0,-5.21,-3.08,-5.72,208.0,1187201230766.0,15330702542.0,45291695689.0,16040767746.0,322.0,8801.0,8735.0,4.21,2.76,6.27,3.7,2.5999999999999996,6.16,-10.454266559291396,
73,3220,KOSPI,대원제약,의약품 제조업,"의약품(해열소염진통제,진해거담제,동맥경화용제,혈압강하제 등), 건강기능식품(프로바이오틱스 등)",1999-12-15,12월,"백승호,백승열",http://www.daewonpharm.com,서울특별시,2020-05-15,80605497742.0,10077915034.0,9046332940.0,7440175693.0,0.0,12.5,11.22,9.23,87264061394.0,10353438307.0,7322620961.0,8622802608.0,0.0,11.86,8.39,9.88,1400.0,76309118734.0,7913290688.0,14290038985.0,5824968220.0,0.0,10.37,18.73,7.63,80238630932.0,7195502255.0,13850170943.0,6418950632.0,0.0,8.97,17.26,8.0,1096.0,317827566516.0,35107129523.0,30970630742.0,27288953782.0,1285.0,10001.0,9621.0,8.61,8.33,14.0,13.36,2.130000000000001,2.889999999999999,5.630230147168142,
74,1790,KOSPI,대한제당,"곡물가공품, 전분 및 전분제품 제조업","제당,가축용 배합사료,설탕,기능성감미료(자일로올리고당),외식산 제조,도소매/부동산 임대",1968-12-27,12월,김기영,http://www.ts.co.kr,인천광역시,2020-05-15,283673746000.0,7324572000.0,-15786230000.0,145779000.0,145641000.0,2.58,-5.56,0.05,299324318000.0,7689492000.0,22616610000.0,7590936000.0,7297256000.0,2.57,7.56,2.54,4.0,279902335000.0,2885434000.0,-13977210000.0,-1743022000.0,-874241000.0,1.03,-4.99,-0.62,309472665000.0,5130983000.0,15340845000.0,-4085160000.0,-3691545000.0,1.66,4.96,-1.32,-76.0,1204394671000.0,29481279000.0,8509710000.0,14739632000.0,164.0,5210.0,5176.0,0.03,1.29,0.08,3.17,1.55,0.9099999999999999,1.347402478796756,
75,1130,KOSPI,대한제분,"곡물가공품, 전분 및 전분제품 제조업","소맥분,토코밀,프리믹스,밀가루조제품,제분부산물 제조/파스타 수입,판매",1970-11-25,12월,"이건영, 송인석",http://www.dhflour.co.kr,서울특별시,2020-05-15,234241264247.0,11059175347.0,-12860049339.0,7270560298.0,0.0,4.72,-5.49,3.1,241763097992.0,910195393.0,19399610819.0,247136477.0,0.0,0.38,8.02,0.1,17208.0,220001136295.0,7782023639.0,-22705814455.0,6809685245.0,0.0,3.54,-10.32,3.1,231895943629.0,323721074.0,9365998908.0,-9835890927.0,0.0,0.14,4.04,-4.24,16116.0,933866093002.0,23483614049.0,3331984425.0,16993288734.0,10056.0,447224.0,449658.0,2.82,1.69,3.85,2.24,1.1799999999999997,0.24,6.472752001110295,
76,4830,KOSPI,덕성,플라스틱제품 제조업,"플라스틱레쟈,합성수지,합성피혁 제조,도매",1987-09-25,12월,이봉근,http://www.duksung21.com,경기도,2020-05-15,28055987075.0,1657466300.0,-1640877690.0,1560779014.0,0.0,5.91,-5.85,5.56,25411933701.0,952058058.0,1320590839.0,416996504.0,0.0,3.75,5.2,1.64,396.0,19631631963.0,90175770.0,2836930034.0,39630734.0,0.0,0.46,14.45,0.2,21898718433.0,-20112583.0,1115827710.0,-476329050.0,0.0,-0.09,5.1,-2.18,8.0,86726846761.0,470298245.0,2281579573.0,184844557.0,11.0,4137.0,4016.0,5.76,0.18,9.57,0.29,5.45,3.84,42.912148760110696,
77,2150,KOSPI,도화엔지니어링,"건축기술, 엔지니어링 및 관련 기술 서비스업","토목설계,건축설계,종합감리전문업,종합기술용역,엔지니어링",2010-08-12,12월,"김영윤, 박승우, 곽준상, 김덕구",http://www.dohwa.co.kr,서울특별시,2020-05-15,132389391484.0,6684889553.0,4334740800.0,7790189055.0,0.0,5.05,3.27,5.88,155611407244.0,11624676946.0,27805919071.0,8846149295.0,0.0,7.47,17.87,5.68,924.0,102430495347.0,2853596100.0,-10186965526.0,2683623008.0,0.0,2.79,-9.95,2.62,117156535162.0,8552644060.0,28756459461.0,6398705980.0,0.0,7.3,24.55,5.46,316.0,516127676383.0,27069213016.0,39114543034.0,17382973594.0,515.0,7497.0,7490.0,7.26,4.25,12.32,6.88,2.26,0.16999999999999993,29.248024268075007,
78,23450,KOSPI,동남합성,기초 화학물질 제조업,"계면활성제,정밀화학품 제조,도매/부동산 임대",1996-12-24,12월,"김정돈, 박미령 (각자대표)",http://www.dongnamchem.com,충청남도,2020-05-15,31674714250.0,3467752050.0,7839121432.0,3037469221.0,0.0,10.95,24.75,9.59,32372520126.0,2510630320.0,-2600016301.0,12276286001.0,0.0,7.76,-8.03,37.92,3364.0,29443073086.0,1892078718.0,-2977828530.0,1528203660.0,0.0,6.43,-10.11,5.19,32480904032.0,1050138427.0,7759463415.0,984696513.0,0.0,3.23,23.89,3.03,1692.0,126057340118.0,9828616185.0,2780196187.0,17838941012.0,4941.0,24641.0,20644.0,12.33,18.75,13.65,23.94,4.52,4.529999999999999,7.579511681683567,
79,5960,KOSPI,동부건설,토목 건설업,"건축공사,토목공사,전기공사,기계설비공사/비금속,철구조물 제조,판매/여객,자동차 운송,항만하역",1978-10-30,12월,허상희,http://dbcon.dongbu.co.kr,서울특별시,2020-05-15,301526033385.0,17029634205.0,-39609651779.0,17995297938.0,0.0,5.65,-13.14,5.97,374968325890.0,24617755002.0,42225922894.0,30723231197.0,0.0,6.57,11.26,8.19,3132.0,209207789748.0,2737562749.0,-4493063702.0,5305259708.0,0.0,1.31,-2.15,2.54,314455637739.0,18138500951.0,28187637891.0,21634906865.0,0.0,5.77,8.96,6.88,924.0,1155368352146.0,55472119336.0,48287511795.0,59815372279.0,2605.0,19381.0,18321.0,7.76,6.71,16.16,14.22,4.34,0.8000000000000007,44.12753643074256,
80,170900,KOSPI,동아에스티,의약품 제조업,"스티렌, 자이데나",2013-04-08,12월,"엄대식, 한종현(각자대표)",http://www.donga.co.kr,서울특별시,2020-05-15,201286322217.0,53007748320.0,16322696720.0,46431387359.0,0.0,26.33,8.11,23.07,156248986373.0,4864229307.0,9046809282.0,22985661374.0,0.0,3.11,5.79,14.71,21988.0,142693803623.0,20434891321.0,8177988475.0,20163343010.0,0.0,14.32,5.73,14.13,138484321299.0,663207587.0,17177701870.0,-26616687539.0,0.0,0.48,12.4,-19.22,9548.0,612310601834.0,56561533159.0,56254296852.0,70912712898.0,8396.0,85964.0,76471.0,17.76,7.03,25.58,10.98,12.009999999999998,2.63,41.06171193586139,
81,8970,KOSPI,동양철관,1차 철강 제조업,"수도용 도복장 강관,주물(강관말뚝),가스관 제조/아파트건설",1977-03-05,12월,이곽우,http://www.dysp.co.kr,충청남도,2020-05-13,45512911405.0,1513512099.0,12458715827.0,2106513785.0,0.0,3.33,27.37,4.63,47257758452.0,2060381886.0,-879864425.0,705599255.0,0.0,4.36,-1.86,1.49,68.0,39344237480.0,-561348366.0,-10825616888.0,-537361900.0,0.0,-1.43,-27.52,-1.37,44173665961.0,-2368267388.0,1603574438.0,-3005095021.0,0.0,-5.36,3.63,-6.8,-16.0,163430407587.0,3709292209.0,-22728688852.0,1779425684.0,14.0,687.0,671.0,5.03,1.08,9.89,2.23,4.76,9.72,15.678722781540102,
82,163560,KOSPI,동일고무벨트,고무제품 제조업,"산업용고무제품, 종합고무부품",2012-10-19,12월,이윤환,http://www.drbworld.com,부산광역시,2020-05-15,68346741419.0,6913827737.0,4539346120.0,6712703766.0,0.0,10.12,6.64,9.82,74591331472.0,4190044704.0,7612490486.0,-1272913236.0,0.0,5.62,10.21,-1.71,1932.0,62818096976.0,3011942677.0,-6250615255.0,2692368739.0,0.0,4.79,-9.95,4.29,62110362572.0,2446113214.0,7965945604.0,1898279721.0,0.0,3.94,12.83,3.06,772.0,261909973472.0,14446980316.0,10271704680.0,8276757784.0,595.0,14184.0,13923.0,9.35,2.94,13.62,4.28,5.329999999999999,1.6800000000000002,8.801037772781065,-40.88276906445134
83,26890,KOSPI,디피씨,"전동기, 발전기 및 전기 변환 · 공급 · 제어 장치 제조업","전자레인지용 고압변성기,리엑터,디지탈위성방송수신기 제조",1997-11-25,12월,"도용환, 이태고",http://www.dpc.co.kr,경기도,2020-05-12,37958836509.0,6795594169.0,5010834116.0,6220151353.0,5665103866.0,17.9,13.2,16.39,45246784900.0,3274713177.0,-5422000645.0,2292722965.0,11097059262.0,7.24,-11.98,5.07,596.0,37669163718.0,2450514678.0,-3989446584.0,1425583446.0,1987568360.0,6.51,-10.59,3.78,36148256965.0,1239890461.0,544023364.0,238224846.0,11097059262.0,3.43,1.5,0.66,136.0,165392132672.0,14030028313.0,-12397098334.0,10669129371.0,256.0,3891.0,3756.0,10.48,4.83,15.32,6.82,11.389999999999999,3.81,0.768991828883054,
84,4000,KOSPI,롯데정밀화학,기초 화학물질 제조업,"염소·셀룰로스계열, 암모니아 계열, 전자재료 등 화학제품 제조",1976-04-15,12월,김우찬,http://www.lottefinechem.com,울산광역시,2020-05-15,349932948714.0,51002864775.0,84399428812.0,43070827808.0,0.0,14.58,24.12,12.31,329645596546.0,48373333129.0,43136999612.0,38889300449.0,0.0,14.67,13.09,11.8,6676.0,326636525325.0,37683370289.0,57621080730.0,40840400874.0,0.0,11.54,17.64,12.5,336002973879.0,38866430288.0,56596700872.0,36447765220.0,0.0,11.57,16.84,10.85,6328.0,1311271455369.0,189666421057.0,257512347852.0,168371662088.0,6526.0,58988.0,57873.0,9.09,9.39,11.32,11.28,3.040000000000001,3.0999999999999996,7.132216265716242,
85,1080,KOSPI,만호제강,1차 철강 제조업,"와이어로프,합성섬유로프,특수강선 제조,수출,임대",1977-06-18,06월,김상환,http://www.manhorope.com,부산광역시,2020-05-15,45814390107.0,68357547.0,348225092.0,129270556.0,0.0,0.15,0.76,0.28,52903630884.0,209604377.0,656839914.0,857268781.0,0.0,0.4,1.24,1.62,124.0,48944762070.0,-243470440.0,5642770058.0,636105215.0,0.0,-0.5,11.53,1.3,55826600911.0,-22619.0,-867178197.0,404515913.0,0.0,-0.0,-1.55,0.72,612.0,209158970546.0,-1352004776.0,3467263474.0,1066829030.0,257.0,55727.0,55519.0,0.21,0.43,0.22,0.46,0.65,0.4,-6.3957241400479035,
86,12690,KOSPI,모나리자,기타 종이 및 판지 제품 제조업,"화장지,미용티슈 제조,도매",1988-10-14,12월,박세훈,http://www.monarisa.co.kr,서울특별시,2020-05-15,32905738365.0,3360690793.0,6182834968.0,2452561992.0,0.0,10.21,18.79,7.45,28866938123.0,1265893086.0,4742383121.0,1014535525.0,0.0,4.39,16.43,3.51,268.0,32846483103.0,304987408.0,1309249668.0,302883556.0,0.0,0.93,3.99,0.92,31019583423.0,-900596226.0,1165343183.0,-786848765.0,0.0,-2.9,3.76,-2.54,32.0,117954229597.0,2773274933.0,7829594747.0,2430877771.0,66.0,1825.0,1780.0,11.16,3.15,14.68,3.73,9.280000000000001,7.289999999999999,0.18040062862799452,
87,9680,KOSPI,모토닉,자동차 신품 부품 제조업,"자동차용 기화기(캬브레타,다이캐스트,연료펌프) 제조,판매",1994-01-14,12월,"김영봉, 신현돈(각자 대표이사)",http://www.motonic.co.kr,서울특별시,2020-05-15,43944068330.0,2960995551.0,1915414857.0,3890409676.0,0.0,6.74,4.36,8.85,52997085658.0,2274662024.0,8862380326.0,1468435530.0,0.0,4.29,16.72,2.77,468.0,46311830882.0,1482732193.0,4732872529.0,2636700657.0,0.0,3.2,10.22,5.69,54300970885.0,141554315.0,2105676780.0,449238130.0,0.0,0.26,3.88,0.83,316.0,207639235497.0,9695919016.0,29902881260.0,11354807647.0,344.0,12289.0,12363.0,3.46,2.58,3.81,2.78,3.54,4.03,-5.112651577159471,
88,2840,KOSPI,미원상사,기타 화학제품 제조업,"계면활성제,분황,황산,도료첨가제,프라스틱첨가제 제조",1989-09-25,12월,"홍창식, 손응주",http://www.mwc.co.kr,경기도,2020-05-15,69811756297.0,8847080264.0,14990987336.0,10955995665.0,10955995665.0,12.67,21.47,15.69,70165001533.0,7559523333.0,12408144401.0,6246010235.0,6246010235.0,10.77,17.68,8.9,8816.0,53793115209.0,4361234561.0,3158424547.0,4845271537.0,4845271537.0,8.11,5.87,9.01,58017871216.0,4088664072.0,5339622220.0,2510364291.0,9419020830.0,7.05,9.2,4.33,3896.0,249991190288.0,32260424871.0,19716029969.0,31123175047.0,6262.0,47460.0,45181.0,14.59,11.09,18.58,13.86,4.5600000000000005,3.7199999999999998,29.77823653782363,143.96748038891346
89,134380,KOSPI,미원화학,기타 화학제품 제조업,"계면활성제, 황산및분황",2011-02-15,12월,정규식,http://www.miwonchemicals.com,울산광역시,2020-05-13,40895336456.0,4482051281.0,14963375979.0,4077791092.0,0.0,10.96,36.59,9.97,40012016744.0,3171787467.0,-2759587725.0,2721225926.0,0.0,7.93,-6.9,6.8,7416.0,34813015570.0,2843886010.0,11221676090.0,2566801713.0,0.0,8.17,32.23,7.37,30568983328.0,1180097846.0,-1013647330.0,1296661824.0,0.0,3.86,-3.32,4.24,4668.0,154724321537.0,15484152525.0,21324257528.0,13506620811.0,6141.0,48894.0,46440.0,12.82,11.34,15.17,13.22,2.790000000000001,4.07,17.471399091440443,
90,3850,KOSPI,보령제약,의약품 제조업,"의약품(제산제(겔포스),구심,용각산,고혈압치료제(카프릴),소염진통제(멘소레담),항생제(듀리세프),혈전치료제(아스트릭스)) 제조",1988-10-24,12월,장두현,http://www.boryung.co.kr,서울특별시,2020-05-15,134211629879.0,13394851259.0,10974483008.0,8333984295.0,0.0,9.98,8.18,6.21,138944102303.0,6376560668.0,-1507013993.0,5343503458.0,0.0,4.59,-1.08,3.85,484.0,118738698128.0,9424634658.0,22919478678.0,8877561896.0,0.0,7.94,19.3,7.48,112681917191.0,4886472199.0,8696662598.0,6071968046.0,0.0,4.34,7.72,5.39,516.0,524268670098.0,39063788696.0,46998848988.0,32221802685.0,469.0,4216.0,4119.0,6.73,6.35,11.48,11.39,2.04,0.25,13.031077479323733,
91,3960,KOSPI,사조대림,수산물 가공 및 저장 처리업,"게맛살,어육연제품,식용류,배합사료 제조",1976-09-16,12월,김상훈,http://dr.sajo.co.kr,서울특별시,2020-05-15,412233147322.0,8987673099.0,33627335950.0,2813459893.0,0.0,2.18,8.16,0.68,406738804170.0,13484305611.0,26531999764.0,-8222744371.0,0.0,3.32,6.52,-2.02,1224.0,220826807982.0,3762618454.0,12766010445.0,1099585030.0,0.0,1.7,5.78,0.5,236380808497.0,-10475821103.0,-13137753416.0,-15922390411.0,0.0,-4.43,-5.56,-6.74,476.0,1329705655249.0,49566681783.0,77311356062.0,82577387627.0,9010.0,44907.0,46252.0,1.06,7.71,2.73,19.48,0.4800000000000002,7.75,86.67712995951192,
92,6090,KOSPI,사조오양,수산물 가공 및 저장 처리업,"원양어업/수산물가공(게맛살) 제조,수출입/냉동 및 냉장보관/부동산 임대",1986-12-24,12월,정태식,http://www.sajooy.com,서울특별시,2020-05-15,79356917978.0,5053125767.0,8712494808.0,2852638128.0,0.0,6.37,10.98,3.59,87818802080.0,7119673832.0,12193643573.0,4309765782.0,0.0,8.11,13.89,4.91,1208.0,71562900761.0,1455827566.0,-320808570.0,590523878.0,0.0,2.03,-0.45,0.83,67969890762.0,-6963311308.0,-343333401.0,-8605559907.0,0.0,-10.24,-0.51,-12.66,248.0,313595839590.0,22613475410.0,27900743999.0,13214801065.0,1402.0,18630.0,17783.0,3.61,4.25,6.48,7.89,4.34,18.35,10.891142105921377,
93,1470,KOSPI,삼부토건,토목 건설업,"토목공사,건축공사,포장공사,건설업,분양사업/건설자재 제조",1976-06-26,12월,"이응근,이계연",http://www.sambu.co.kr,서울특별시,2020-05-15,83697557898.0,702074805.0,16538812811.0,436699715.0,456653581.0,0.84,19.76,0.52,85500231329.0,1861589843.0,15285801042.0,297138044.0,381569095.0,2.18,17.88,0.35,12.0,38969617850.0,-1466205644.0,-4045485719.0,-1078099306.0,-1061174445.0,-3.76,-10.38,-2.77,51790042008.0,-3003016545.0,7492934590.0,-3649162275.0,55953596956.0,-5.8,14.47,-7.05,-28.0,226287328070.0,4957492088.0,-10280054299.0,7421847571.0,53.0,1451.0,1458.0,0.36,1.76,0.83,3.7,4.6,7.98,114.77643999529239,
94,28260,KOSPI,삼성물산,기타 전문 도매업,"도소매, 건설, 남자용 정장 제조업 등",2014-12-18,12월,"고정석, 오세철, 한승환",http://www.samsungcnt.com,서울특별시,2020-05-15,6960092987128.0,147047663833.0,7311585369.0,322442745556.0,0.0,2.11,0.11,4.63,7697863122028.0,324652247995.0,796765419935.0,333666453294.0,0.0,4.22,10.35,4.33,6640.0,7357051960960.0,105154418271.0,-68977427692.0,249324711638.0,0.0,1.43,-0.94,3.39,7971107347318.0,242763981708.0,738424052291.0,666019979857.0,0.0,3.05,9.26,8.36,5136.0,30761501059039.0,866770072122.0,770849628968.0,1050076090746.0,5408.0,131092.0,137483.0,2.87,2.29,5.07,3.93,0.6799999999999999,1.17,-5.395625529606861,
95,145990,KOSPI,삼양사,기타 식품 제조업,설탕,2011-12-05,12월,"송자량, 강호성",http://www.samyangcorp.com,서울특별시,2020-05-15,493033000000.0,24283000000.0,26221000000.0,24783000000.0,0.0,4.93,5.32,5.03,521745000000.0,6323000000.0,67262000000.0,-2161000000.0,0.0,1.21,12.89,-0.41,9608.0,493672000000.0,11517000000.0,-16650000000.0,8246000000.0,0.0,2.33,-3.37,1.67,547360000000.0,5200000000.0,-14175000000.0,-5551000000.0,0.0,0.95,-2.59,-1.01,3196.0,2096387000000.0,81564000000.0,167277000000.0,33824000000.0,3279.0,123108.0,125509.0,4.02,1.42,7.8,2.61,2.5999999999999996,0.26,-0.12943816947284836,
96,3230,KOSPI,삼양식품,기타 식품 제조업,"라면,스낵,유제품,장유,식용유,사료,향신료,건강음료(루이보스 티) 제조,도매",1975-06-30,12월,"정태운, 진종기",http://www.samyangfoods.com,서울특별시,2020-05-14,156384418000.0,26677991807.0,38513921631.0,22335103576.0,0.0,17.06,24.63,14.28,151866331090.0,21172070261.0,18855376863.0,13903505904.0,0.0,13.94,12.42,9.16,11856.0,120386288014.0,15329755328.0,14798642637.0,11412793063.0,0.0,12.73,12.29,9.48,109804122704.0,11434708213.0,12029104805.0,-723605171.0,0.0,10.41,10.96,-0.66,6060.0,543580958422.0,78285193733.0,52513365100.0,59553838273.0,7905.0,41920.0,38183.0,17.73,12.66,28.28,20.7,4.329999999999998,3.5299999999999994,29.90218452604311,
97,2810,KOSPI,삼영무역,기타 전문 도매업,"화공약품, 안경렌즈",1988-03-28,12월,이승용,http://www.samyung.co.kr,서울특별시,2020-05-15,98039918839.0,5080733552.0,2254037558.0,6202697466.0,0.0,5.18,2.3,6.33,83637796406.0,2887697900.0,6255387996.0,9045371634.0,0.0,3.45,7.48,10.81,1340.0,61305712681.0,1951787141.0,-2133083277.0,9174507469.0,0.0,3.18,-3.48,14.97,66211891869.0,1251908854.0,4688543359.0,7405529660.0,0.0,1.89,7.08,11.18,1984.0,274243608436.0,9196085718.0,8165760894.0,35836258151.0,1940.0,23955.0,21531.0,3.91,7.01,5.59,9.01,1.9999999999999996,1.5600000000000003,59.91971147802143,
98,3720,KOSPI,삼영화학,플라스틱제품 제조업,"합성수지(BOPP,캐파시타),PPC,랩,종이상자(카톤팩) 제조",1976-06-30,12월,이석준,http://www.sycc.co.kr,서울특별시,2020-05-15,30744183906.0,373842167.0,1172433784.0,112668992.0,0.0,1.22,3.81,0.37,24643907553.0,605929941.0,2815836738.0,-545044779.0,0.0,2.46,11.43,-2.21,12.0,27215670881.0,-500755645.0,3820267924.0,-841773610.0,0.0,-1.84,14.04,-3.09,24795770252.0,-2397972241.0,-4414751314.0,-1940983519.0,0.0,-9.67,-17.8,-7.83,-96.0,111144083476.0,-905742853.0,5352240717.0,-2012380453.0,-59.0,4398.0,1303.0,0.19,-1.88,0.27,-4.54,3.06,12.129999999999999,12.96500475931075,
99,520,KOSPI,삼일제약,의약품 제조업,"양약(부루펜,액티피드,포리부틴) 제조,도매",1985-05-29,12월,"허승범, 김상진 (각자 대표이사)",http://www.samil-pharm.com,서울특별시,2020-04-27,32426049094.0,3306828449.0,4175954350.0,1816836290.0,0.0,10.2,12.88,5.6,30138363597.0,1030228373.0,9753125283.0,-945552652.0,0.0,3.42,32.36,-3.14,536.0,30431473257.0,2513726672.0,-1689106110.0,1174262406.0,0.0,8.26,-5.55,3.86,23395031999.0,-1964011897.0,-797129892.0,-2982655314.0,0.0,-8.39,-3.41,-12.75,344.0,121107085914.0,4822839404.0,10590303278.0,786258293.0,58.0,4431.0,4599.0,3.97,0.43,12.09,1.26,1.9399999999999995,11.81,6.554319010964077,
100,9770,KOSPI,삼정펄프,"펄프, 종이 및 판지 제조업","지류화장지,안면용,위생용 티슈 제조,판매",2006-10-17,12월,전성오,http://www.sjpulp.com,경기도,2020-05-15,37461763511.0,4578370862.0,5053858545.0,4350789513.0,0.0,12.22,13.49,11.61,38994279406.0,3281348070.0,7754648888.0,-232543588.0,0.0,8.41,19.89,-0.6,6960.0,36205187875.0,-750913077.0,2918905048.0,1055259024.0,0.0,-2.07,8.06,2.91,36872687558.0,-2061337320.0,1783219509.0,-3692191273.0,0.0,-5.59,4.84,-10.01,1688.0,147064265311.0,6702263684.0,16818531449.0,4670508769.0,1868.0,75334.0,73844.0,8.13,2.26,9.24,2.53,14.290000000000001,14.0,3.47070602240315,
101,180,KOSPI,성창기업지주,회사 본부 및 경영 컨설팅 서비스업,"합판, 마루, 파티클보드, 우드칩, 포르말린 등 제조",1976-06-02,12월,우인석,http://www.sce.kr,부산광역시,2020-05-15,40171334829.0,1263353668.0,7534049782.0,832332077.0,1091691550.0,3.14,18.75,2.07,32940782271.0,3423031761.0,4465922013.0,-3179655086.0,-5912296590.0,10.39,13.56,-9.65,44.0,35270702359.0,-875869422.0,-2943319526.0,-1704805513.0,-1194188391.0,-2.48,-8.34,-4.83,21304501590.0,-1610375633.0,-6692382027.0,-2319080346.0,-5912296590.0,-7.56,-31.41,-10.89,-96.0,151041606849.0,-2951399189.0,8739061531.0,-10875066038.0,-155.0,8166.0,7532.0,0.4,-1.55,0.54,-2.07,5.62,17.95,13.894343299771316,
102,4360,KOSPI,세방,도로 화물 운송업,"도로운송,항만하역,창고,지게차 임대",1977-05-19,12월,최종일,http://www.sebang.com,부산광역시,2020-05-15,215822403285.0,6479619987.0,10090983603.0,15215164775.0,0.0,3.0,4.68,7.05,201509161828.0,908290155.0,21464358414.0,-34712748490.0,0.0,0.45,10.65,-17.23,3148.0,159866540545.0,4025586323.0,-4880298138.0,15382059663.0,0.0,2.52,-3.05,9.62,159297821504.0,-1332486050.0,15846828878.0,10068190392.0,0.0,-0.84,9.95,6.32,3184.0,723284021805.0,16142572001.0,51331664792.0,5516551165.0,285.0,41512.0,42387.0,5.28,0.5,7.58,0.67,0.48,1.29,35.00160981105942,
103,91090,KOSPI,세원이앤씨,"구조용 금속제품, 탱크 및 증기발생기 제조업","화학플랜트 설비,기계 제작(음식료,석유화학사업관련)/유공압기기 판매",2006-07-31,12월,"유승주, 이종인 (공동 대표이사)",http://www.sewonenc.com,경상남도,2020-05-14,35291429373.0,1668332038.0,2195544212.0,2923848742.0,0.0,4.73,6.22,8.28,54268395668.0,2563974502.0,-2097343302.0,-3935803593.0,0.0,4.72,-3.86,-7.25,80.0,33852411430.0,354556006.0,-10426648721.0,-444174297.0,0.0,1.05,-30.8,-1.31,36732225083.0,-4265421662.0,-6079721335.0,-8641081497.0,0.0,-11.61,-16.55,-23.52,-12.0,181937239128.0,1587907305.0,-25023568926.0,-5692132496.0,-39.0,1204.0,1214.0,3.25,-1.59,6.64,-3.22,3.6800000000000006,16.33,4.250858010442182,
104,27970,KOSPI,세하,"펄프, 종이 및 판지 제조업","백판지,마니라판지,지류,하수처리기계 제조/상하수도설비공사,수질오염방지시설공사",1996-07-03,12월,"이제선, 안재호",http://www.seha.co.kr,대구광역시,2020-05-13,47269621260.0,5414494749.0,5404001872.0,4324675996.0,0.0,11.45,11.43,9.15,47084058518.0,4539848825.0,801035478.0,4502292940.0,0.0,9.64,1.7,9.56,300.0,42342772788.0,2047555689.0,1549731819.0,913559013.0,0.0,4.84,3.66,2.16,45722264833.0,3279981467.0,389453418.0,1499515942.0,0.0,7.17,0.85,3.28,60.0,177653878962.0,14104417238.0,14555816363.0,11222339597.0,194.0,809.0,658.0,8.67,5.97,37.07,29.6,6.609999999999999,2.4700000000000006,11.635630232973963,
105,17550,KOSPI,수산중공업,특수 목적용 기계 제조업,"유압브레이커,트럭크레인,플라즈마 파암장비,특장차,산업기계,건설기계 제조,도매",1991-08-30,12월,"김병현, 정석현(각자 대표이사)",http://www.soosan.co.kr,경기도,2020-05-13,34422307393.0,2592810625.0,8203685047.0,2836491499.0,0.0,7.53,23.83,8.24,40476340890.0,393683686.0,6623765618.0,-2744708335.0,0.0,0.97,16.36,-6.78,208.0,37176070399.0,1872290926.0,8985893500.0,1351904897.0,0.0,5.04,24.17,3.64,16148082368.0,-589447836.0,2131734421.0,5122262543.0,0.0,-3.65,13.2,31.72,100.0,157806090500.0,7237422182.0,12591986961.0,145346201.0,2.0,1861.0,1859.0,5.89,0.08,11.18,0.14,2.49,4.62,-7.407353645623808,
106,11930,KOSPI,신성이엔지,반도체 제조업,"태양전지, 태양광모듈 제조 및 판매, 태양광 발전설치공사, 클린룸, 자동화장비",1996-07-31,12월,"이지선, 안윤수",http://www.shinsungeng.com,경기도,2020-05-15,100907570117.0,4853688366.0,5141822884.0,1548304285.0,0.0,4.81,5.1,1.53,119897394671.0,2567438928.0,12075451961.0,3645911131.0,0.0,2.14,10.07,3.04,28.0,106427444770.0,2989015038.0,-5304108020.0,856548813.0,0.0,2.81,-4.98,0.8,99638655274.0,-5938437914.0,13887194817.0,-7934679701.0,0.0,-5.96,13.94,-7.96,16.0,451123644321.0,9718870516.0,8904428533.0,2092657039.0,10.0,614.0,598.0,1.37,0.5,4.56,1.71,1.9999999999999996,8.1,-5.186514310222314,
107,35510,KOSPI,신세계 I&C,"컴퓨터 프로그래밍, 시스템 통합 및 관리업","IT시스템 개발, 운영 및 유지보수, IT 컨설팅, IT장비솔루션 총판, 아웃소싱, IDC, IT기기 및 휴대폰 유통, 전자상품권",2006-05-18,12월,손정현,http://www.shinsegae-inc.com,서울특별시,2020-05-15,111802045270.0,5926470560.0,7919743160.0,3918164349.0,0.0,5.3,7.08,3.5,128574555977.0,6390235604.0,11613175493.0,5017273933.0,0.0,4.97,9.03,3.9,9112.0,96099165879.0,4636311772.0,-1618724903.0,-855584268.0,0.0,4.82,-1.68,-0.89,113708789336.0,4892470561.0,-8504583820.0,4300707635.0,0.0,4.3,-7.48,3.78,-1988.0,456039720822.0,18494389551.0,-2353743258.0,10657452787.0,6196.0,118038.0,115836.0,5.91,3.68,7.72,5.35,0.47999999999999954,0.6699999999999999,16.340286876965973,
108,4080,KOSPI,신흥,기계장비 및 관련 물품 도매업,"치과용기자재(방사선장치,전기진단장치),주사침 도소매,제조/부동산 임대",1991-02-08,12월,이용익,http://www.shinhung.co.kr,서울특별시,2020-05-15,28629449816.0,1655196067.0,5368052436.0,5440586496.0,0.0,5.78,18.75,19.0,32282293991.0,1379900576.0,-1860738996.0,865767594.0,0.0,4.27,-5.76,2.68,2288.0,29955193170.0,314319612.0,760522597.0,9293983.0,0.0,1.05,2.54,0.03,32181365433.0,-1264678120.0,1752348750.0,-2481430882.0,0.0,-3.93,5.45,-7.71,0.0,123013464262.0,2997622137.0,907641271.0,1776557720.0,187.0,9869.0,9261.0,14.12,1.21,23.18,2.02,4.73,8.2,-4.425754647870963,
109,161000,KOSPI,애경케미칼,기초 화학물질 제조업,오르토프탈산디옥틸,2012-09-17,12월,표경원,http://www.aekyungchemical.co.kr,서울특별시,2020-05-15,216038047674.0,13117934930.0,-6609943862.0,12485003319.0,0.0,6.07,-3.06,5.78,226642267975.0,6031491260.0,-1932118522.0,-6489007871.0,0.0,2.66,-0.85,-2.86,1556.0,257242397827.0,5166728605.0,5327110190.0,4370444392.0,0.0,2.01,2.07,1.7,205728015484.0,3770069306.0,2407198757.0,12835755699.0,0.0,1.83,1.17,6.24,544.0,1017022177644.0,46852557491.0,50274137265.0,30505934045.0,952.0,11015.0,11234.0,10.09,6.19,14.13,8.47,4.0600000000000005,0.8300000000000001,-16.017713448896803,
110,36570,KOSPI,엔씨소프트,소프트웨어 개발 및 공급업,"인터넷머그게임(리니지),그룹웨어,인터넷커뮤니티 개발,유지,공급",2003-05-22,12월,김택진,http://www.ncsoft.net,서울특별시,2020-05-15,731110934868.0,241424012436.0,258293250149.0,195440675961.0,0.0,33.02,35.33,26.73,533833894701.0,141158127629.0,71012609928.0,53996598763.0,0.0,26.44,13.3,10.11,35640.0,358756454047.0,79514420675.0,73202465137.0,74696795035.0,0.0,22.16,20.4,20.82,399655379591.0,112572626062.0,86624219577.0,67633280891.0,0.0,28.17,21.67,16.92,13620.0,1701185422583.0,478992418793.0,392249235729.0,359154722508.0,16374.0,120496.0,114533.0,21.03,10.73,29.58,14.3,10.860000000000003,-1.7300000000000004,103.79032254907352,
111,670,KOSPI,영풍,1차 비철금속 제조업,"제1차 금속산업(아연괴,황산,카드뮴괴),건전지 제조,무역",1976-06-12,12월,"이강인, 박영민",http://www.ypzinc.co.kr,서울특별시,2020-05-15,734849048940.0,14958404999.0,106334885024.0,53197378066.0,0.0,2.04,14.47,7.24,690205462139.0,18061686676.0,101353793562.0,49792530050.0,0.0,2.62,14.68,7.21,115504.0,698574410915.0,-6976941488.0,42007912016.0,38753749373.0,0.0,-1.0,6.01,5.55,780392857270.0,-24295481912.0,29497146144.0,23957710076.0,0.0,-3.11,3.78,3.07,84144.0,3084133443662.0,84396705015.0,206908090349.0,233025317795.0,126490.0,2011172.0,2007586.0,4.5,4.82,5.74,6.3,3.04,5.73,5.192666301287375,
112,1800,KOSPI,오리온홀딩스,기타 금융업,자회사 관리 지주사업 등,1975-06-27,12월,허인철,http://www.oriongroup.co.kr,서울특별시,2020-05-15,572168748161.0,83570972151.0,80590951751.0,23027908647.0,0.0,14.61,14.09,4.02,570656320665.0,81008651292.0,92759405594.0,6358785990.0,156389780756.0,14.2,16.25,1.11,1468.0,527444443243.0,63720031583.0,26609406705.0,13175430671.0,0.0,12.08,5.04,2.5,533766427538.0,62359160950.0,66566401728.0,13894096657.0,156389780756.0,11.68,12.47,2.6,840.0,2103591289157.0,266659512732.0,342587759965.0,48378510223.0,772.0,54280.0,53272.0,2.08,1.11,2.7,1.45,2.5299999999999994,2.5199999999999996,8.479434278046792,
113,220,KOSPI,유유제약,의약품 제조업,"의약품 제조,판매",1975-11-18,12월,유원상,http://www.yuyu.co.kr,충청북도,2020-05-15,23234195259.0,3040641242.0,-73406240.0,2156114003.0,0.0,13.09,-0.32,9.28,24482807303.0,1767095845.0,5715660983.0,1357188199.0,0.0,7.22,23.35,5.54,500.0,22154061268.0,1899832116.0,1337045491.0,1255047566.0,0.0,8.58,6.04,5.67,22071104474.0,1330361267.0,2122516567.0,858748547.0,0.0,6.03,9.62,3.89,288.0,90877644152.0,8074727045.0,13185371371.0,4722296709.0,274.0,5339.0,5254.0,5.95,3.43,9.36,5.22,4.51,1.1899999999999995,4.875557478755276,
114,8730,KOSPI,율촌화학,플라스틱제품 제조업,"연포장재,필름,골판지상자,합성수지,플라스틱일반성형제품 제조",1988-08-30,12월,"송녹정,신동윤",http://www.youlchon.com,서울특별시,2020-05-14,129969665479.0,8816917550.0,10642651507.0,6732341744.0,0.0,6.78,8.19,5.18,126893267434.0,7593662394.0,7247711693.0,6365202658.0,0.0,5.98,5.71,5.02,1084.0,121876582034.0,5476415360.0,21528332531.0,3250576002.0,0.0,4.49,17.66,2.67,135747310729.0,4718820888.0,4852929617.0,3070494972.0,0.0,3.48,3.57,2.26,524.0,506617380665.0,25843126782.0,39458633226.0,18212447578.0,734.0,13831.0,13789.0,4.57,3.0,7.84,5.33,2.29,2.5000000000000004,6.64039252654974,
115,93230,KOSPI,이아이디,기타 전문 도매업,"무선통신기기부품,전시용 핸드폰모형기(ADM) 제조",2007-11-01,12월,김성규,http://www.eid21.co.kr,경기도,2020-05-14,59975881967.0,4550539997.0,6701578973.0,3988706759.0,0.0,7.59,11.17,6.65,45866645519.0,3868166614.0,9207663760.0,3589645157.0,0.0,8.43,20.07,7.83,16.0,17623631891.0,-835522397.0,-1198192126.0,-993841108.0,0.0,-4.74,-6.8,-5.64,17839115377.0,-957329636.0,369791927.0,-3382499095.0,0.0,-5.37,2.07,-18.96,-4.0,141020916109.0,1484789114.0,-6709420867.0,465758861.0,0.0,196.0,165.0,5.82,0.23,8.16,0.34,12.33,13.8,240.3151083609977,
116,3200,KOSPI,일신방직,방적 및 가공사 제조업,"면사,P/C혼방사,P/C혼방직물,화섬사 제조,수출",1973-05-23,12월,김정수,http://www.ilshin.co.kr,서울특별시,2020-05-15,116454913466.0,3667466948.0,16371538984.0,761354399.0,786761162.0,3.15,14.06,0.65,130072184771.0,6005460881.0,17282602116.0,1248698370.0,1562223314.0,4.62,13.29,0.96,1268.0,120313551783.0,-481745018.0,6822677762.0,-438378427.0,-79435570.0,-0.4,5.67,-0.36,121486932584.0,3033225409.0,22417453947.0,836868699.0,-13205359307.0,2.5,18.45,0.69,-728.0,496199335849.0,13589459419.0,29497606018.0,7055993780.0,2940.0,299756.0,301347.0,0.31,0.74,0.42,0.98,3.55,2.12,-3.2071518626260156,
117,63160,KOSPI,종근당바이오,의약품 제조업,"의약품,원료의약품 제조",2001-12-11,12월,이정진,http://www.ckdbio.com,서울특별시,2020-05-15,30391448443.0,3425126837.0,3158977057.0,2476115368.0,0.0,11.27,10.39,8.15,37961441388.0,4505751528.0,-1447657.0,3469629329.0,0.0,11.87,-0.0,9.14,1804.0,31310910417.0,2503992852.0,700528982.0,2295174164.0,0.0,8.0,2.24,7.33,30306189218.0,1787988402.0,2160106356.0,1767806760.0,0.0,5.9,7.13,5.83,1672.0,137184188552.0,15412573679.0,16990277030.0,12264879957.0,2235.0,29692.0,28886.0,3.6,5.26,6.08,7.74,3.2699999999999996,5.969999999999999,-2.936554580350962,
118,71320,KOSPI,지역난방공사,"증기, 냉·온수 및 공기조절 공급업","집단에너지공급 및 전기,증기 생산,판매",2010-01-29,12월,황창화,http://www.kdhc.co.kr,경기도,2020-05-15,854955601825.0,123009406462.0,207452510163.0,86805555977.0,87627038748.0,14.39,24.26,10.15,679771242581.0,34907665240.0,-65260978133.0,4531001465.0,4531001465.0,5.14,-9.6,0.67,29984.0,957281544648.0,80004273554.0,151883885011.0,55930477411.0,56484800762.0,8.36,15.87,5.84,765477472630.0,-11770053607.0,-22064826846.0,-215771453755.0,-14827587096.0,-1.54,-2.88,-28.19,19320.0,2367906314930.0,42213059502.0,188783020789.0,-25579850538.0,-2209.0,139667.0,132079.0,5.58,-0.43,21.47,-1.67,6.030000000000001,6.68,-10.68922130538159,
119,7810,KOSPI,코리아써키트,전자부품 제조업,"인쇄회로기판,Module 제조/부동산(건물) 임대",1985-09-09,12월,장세준,http://www.kcg.co.kr,경기도,2020-05-15,161535390361.0,8905560582.0,17018507836.0,8073907535.0,0.0,5.51,10.54,5.0,141406634845.0,7722601002.0,-1736703151.0,-6096733300.0,0.0,5.46,-1.23,-4.31,1364.0,137827478867.0,-1122610048.0,2933243195.0,-2587548397.0,0.0,-0.81,2.13,-1.88,130699223656.0,-1507141658.0,2427434903.0,-13493324640.0,0.0,-1.15,1.86,-10.32,-436.0,543423598661.0,13862521166.0,47211164274.0,688259548.0,29.0,16536.0,16530.0,6.45,0.14,8.25,0.18,6.32,6.609999999999999,17.201150081891527,
120,5740,KOSPI,크라운해태홀딩스,기타 금융업,"비스켓,쵸코렛,사탕,웨이퍼 제조,도매",1976-06-30,12월,윤석빈,http://www.crown.co.kr,서울특별시,2020-05-15,258738884180.0,14532960245.0,26412365193.0,2892824975.0,0.0,5.62,10.21,1.12,250300574446.0,868858068.0,22936949847.0,-23208843954.0,0.0,0.35,9.16,-9.27,776.0,255221206623.0,9461591041.0,6849656991.0,829049256.0,0.0,3.71,2.68,0.32,257581658255.0,-1614177271.0,11316304240.0,-5490705696.0,0.0,-0.63,4.39,-2.13,220.0,1055213955309.0,39432521566.0,98713175135.0,-20731222422.0,-1396.0,28561.0,30974.0,0.94,-1.67,2.72,-4.51,1.9100000000000001,0.98,1.3782857637673258,
121,20120,KOSPI,키다리스튜디오,"자료처리, 호스팅, 포털 및 기타 인터넷 정보매개 서비스업","만화, 소설 등 콘텐츠 제작 및 유통, 판매, 컴퓨터 프로그래밍, 시스템 통합 및 관리업",1996-07-03,12월,김영훈,http://www.kidaristudio.com,서울특별시,2020-05-15,11336185332.0,1080675148.0,171383081.0,823389660.0,752334888.0,9.53,1.51,7.26,8855435567.0,218968868.0,1026801510.0,2560313447.0,2135688569.0,2.47,11.6,28.91,96.0,5292542734.0,294945783.0,-184349472.0,214570250.0,214570250.0,5.57,-3.48,4.05,4829768651.0,138425889.0,-473958802.0,28501028.0,2057870289.0,2.87,-9.81,0.59,24.0,26737869784.0,702896894.0,775974287.0,2693115706.0,80.0,619.0,629.0,7.02,6.42,15.5,12.84,3.959999999999999,-0.3999999999999999,114.19166366243647,
122,16800,KOSPI,퍼시스,가구 제조업,"사무용 가구,의자,책상,캐비넷 제조",1996-12-24,12월,"배상돈, 윤기언 (각자 대표이사)",http://www.fursys.co.kr,서울특별시,2020-05-15,76331414562.0,6720687949.0,24849373138.0,7247045296.0,0.0,8.8,32.55,9.49,84041908099.0,9561645583.0,1873435228.0,6439685116.0,0.0,11.38,2.23,7.66,2520.0,79184154345.0,4510767919.0,9126339424.0,9370135535.0,0.0,5.7,11.53,11.83,83418744849.0,6767069039.0,19417600671.0,17524480643.0,0.0,8.11,23.28,21.01,3256.0,304749764010.0,25123307584.0,23687875112.0,33958311829.0,2952.0,38709.0,38597.0,5.94,7.05,6.51,7.65,3.1000000000000005,3.2700000000000014,-3.602664960682419,
123,80,KOSPI,하이트진로,알코올음료 제조업,소주,2009-10-19,12월,김인규,http://www.hitejinro.com,서울특별시,2020-05-15,533871532626.0,56137976927.0,123006266279.0,33408032365.0,0.0,10.52,23.04,6.26,558594880273.0,32680409004.0,60129371128.0,-25139378556.0,0.0,5.85,10.76,-4.5,1904.0,422971682234.0,-4184476865.0,-317522215529.0,-13843902007.0,0.0,-0.99,-75.07,-3.27,471709280724.0,17614578315.0,323759930516.0,583459632.0,0.0,3.73,68.64,0.12,-788.0,2035063966997.0,88246563619.0,28251765918.0,-42348598330.0,-603.0,13588.0,14731.0,3.81,-1.29,14.01,-4.1,11.51,2.1199999999999997,26.21921396871364,
124,140,KOSPI,하이트진로홀딩스,기타 금융업,지주회사,1973-09-19,12월,김인규,http://www.hitejinroholdings.com,서울특별시,2020-05-15,531509637630.0,58090670549.0,118282906263.0,11555377422.0,0.0,10.93,22.25,2.17,556643886170.0,35284331789.0,56919245629.0,-5629898142.0,0.0,6.34,10.23,-1.01,1988.0,420915305827.0,-1029504494.0,-320276318238.0,-10193811178.0,0.0,-0.24,-76.09,-2.42,469390139375.0,21436199908.0,318289245105.0,-7347720922.0,0.0,4.57,67.81,-1.57,-1756.0,2026315990886.0,100944135301.0,13587845882.0,-21377675050.0,-921.0,39763.0,42337.0,1.13,-0.56,5.0,-2.18,11.17,1.7699999999999996,26.274723269021553,
125,2200,KOSPI,한국수출포장,"골판지, 종이 상자 및 종이용기 제조업","골판지상자,골판지원지 제조,판매",1974-06-28,12월,대표이사 회장 허용삼 대표이사 사장 허정훈(각자대표이사),http://www.keppack.co.kr,서울특별시,2020-05-15,64338691146.0,4599145484.0,13001974426.0,3672930674.0,0.0,7.15,20.21,5.71,67399234656.0,5284636219.0,8306278062.0,4370938402.0,0.0,7.84,12.32,6.49,3672.0,65652025743.0,3339315259.0,-1284063801.0,2584475408.0,0.0,5.09,-1.96,3.94,70217797006.0,4261512844.0,16300679999.0,2539269080.0,0.0,6.07,23.21,3.62,2584.0,271561778700.0,19270972723.0,32220359440.0,18020495763.0,4504.0,63418.0,61938.0,4.61,5.85,5.79,7.27,2.0600000000000005,1.7699999999999996,-2.0004479406943987,
126,17960,KOSPI,한국카본,"구조용 금속제품, 탱크 및 증기발생기 제조업","탄소섬유(카본프리프레그(낚시대,테니스라켓,골프 Shaft,스포츠레저용품)),합성수지,글라스페이퍼,LNG선박용 단열판넬 제조,도매",1995-07-08,12월,"조문수, 이명화 공동대표이사",http://www.hcarbon.com,경상남도,2020-05-15,88669640238.0,12602851186.0,13558502036.0,10124638867.0,10124638867.0,14.21,15.29,11.42,97854894443.0,18296933430.0,27862919062.0,11881673253.0,11891311541.0,18.7,28.47,12.14,920.0,43103916551.0,2375863932.0,-20901709607.0,1242830414.0,1240649051.0,5.51,-48.49,2.88,64647898267.0,5703204053.0,17422430686.0,-4227162044.0,16833554949.0,8.82,26.95,-6.54,112.0,273402502535.0,25286667254.0,-421619853.0,17701679655.0,402.0,7506.0,7112.0,9.29,4.45,12.26,5.66,8.700000000000001,9.879999999999999,105.71133050772133,
127,10100,KOSPI,한국프랜지,자동차 신품 부품 제조업,"자동차부품(제동,구동장치),프랜지(관이음쇠),철구조물,산업기계 제조",1987-10-02,12월,이현덕,http://www.kofco.com,울산광역시,2020-05-15,219917881235.0,6292358789.0,-4699968556.0,6855394578.0,0.0,2.86,-2.14,3.12,262939265813.0,6358986905.0,27618894801.0,410165426.0,0.0,2.42,10.5,0.16,900.0,216082583136.0,2624140873.0,3680733703.0,792481530.0,0.0,1.21,1.7,0.37,76214944844.0,4876814760.0,28104383707.0,6849965630.0,0.0,6.4,36.88,8.99,104.0,954039222999.0,14862153514.0,53794500520.0,11351942769.0,372.0,7580.0,7491.0,4.2,1.74,11.87,4.98,1.65,-3.9800000000000004,1.7749223668740137,
128,3350,KOSPI,한국화장품제조,기타 화학제품 제조업,"화장품(OEM,ODM)",1978-02-06,12월,"임충헌, 이용준",http://www.hkcosm.com,서울특별시,2020-05-15,19948549643.0,780180514.0,-3640037531.0,413489106.0,0.0,3.91,-18.25,2.07,18312955410.0,276429929.0,1470122177.0,-586990823.0,0.0,1.51,8.03,-3.21,364.0,20255374720.0,375787878.0,-2058485612.0,377700707.0,0.0,1.86,-10.16,1.86,19240131798.0,186484481.0,2751190825.0,-386906228.0,0.0,0.97,14.3,-2.01,332.0,76491978149.0,1308986208.0,5343994717.0,-1488200409.0,-328.0,10393.0,10596.0,1.91,-1.77,3.5,-3.1,2.05,0.54,-1.5147835142099015,
129,11500,KOSPI,한농화성,기타 화학제품 제조업,"계면활성제,글리콜에테르 제조,판매",2003-01-09,12월,"김응상, 경상호 (각자대표)",http://hannong.koreasme.com,전라북도,2020-05-14,54180093711.0,3454032929.0,5169221865.0,2894668553.0,0.0,6.38,9.54,5.34,53333930355.0,3841083630.0,4929064580.0,3643067991.0,0.0,7.2,9.24,6.83,740.0,51248158069.0,2290453290.0,1878659435.0,1845780293.0,0.0,4.47,3.67,3.6,53034905339.0,1193009109.0,13185249536.0,1468468174.0,0.0,2.25,24.86,2.77,472.0,204694662843.0,11950439712.0,18868497337.0,9978317171.0,638.0,7943.0,7691.0,6.58,6.11,9.32,8.3,1.9100000000000001,4.95,5.721055648580524,
130,14790,KOSPI,한라,토목 건설업,"토목,건축,전기,환경사업,준설공사,포장공사,주택,중기임대",1994-08-12,12월,이석민,http://www.halla.co.kr,서울특별시,2020-05-14,344689854557.0,21118477541.0,-16649812702.0,13309955295.0,13311085201.0,6.13,-4.83,3.86,348338339701.0,33827890976.0,-38693646718.0,9292772299.0,7668146247.0,9.71,-11.11,2.67,1404.0,257409282441.0,11645877984.0,-23127918523.0,5051014615.0,5002203869.0,4.52,-8.98,1.96,348018089410.0,6652927534.0,76528489628.0,-39863798119.0,-17611228261.0,1.91,21.99,-11.45,532.0,1304889861775.0,67694163381.0,-129560437296.0,2500047010.0,66.0,7255.0,6896.0,3.23,0.16,19.35,0.96,1.6100000000000003,7.800000000000001,33.90731339923816,
131,9180,KOSPI,한솔로지스틱스,기타 운송관련 서비스업,"지류펄프 보관창고 운영/화물취급,화물운송알선,물류컨설팅/종합쇼핑몰운영,통신판매,인터넷백화점",1989-11-13,12월,황규호,http://www.hansollogistics.com,서울특별시,2020-05-14,119289113407.0,2811702709.0,3536004495.0,1826632391.0,0.0,2.36,2.96,1.53,119534447551.0,1899753308.0,6643598665.0,971755091.0,0.0,1.59,5.56,0.81,264.0,109432300742.0,1914948973.0,4612020285.0,1276419462.0,0.0,1.75,4.21,1.17,117046876928.0,421490046.0,-5242128496.0,366508687.0,0.0,0.36,-4.48,0.31,184.0,460730203265.0,9519510274.0,29306240188.0,5908752720.0,215.0,1727.0,1713.0,4.45,3.54,15.28,12.56,0.6099999999999999,1.23,9.007224190816054,
132,213500,KOSPI,한솔제지,"펄프, 종이 및 판지 제조업","인쇄용지, 산업용지, 특수지 제조 및 판매",2015-01-26,12월,한철규,http://www.hansolpaper.co.kr,서울특별시,2020-05-14,428391576020.0,40871537711.0,-38696759495.0,22982647917.0,24650829853.0,9.54,-9.03,5.36,503308149827.0,27887564873.0,109282293198.0,8873007874.0,8873007874.0,5.54,21.71,1.76,3860.0,438008001246.0,21114432101.0,14272418888.0,11497300240.0,10088097101.0,4.82,3.26,2.62,536377345574.0,21812668165.0,53671539568.0,-11385447192.0,-12970178831.0,4.07,10.01,-2.12,1928.0,1912587772758.0,105301496509.0,199444976776.0,40023860413.0,1681.0,26732.0,25711.0,5.23,2.3,14.44,6.54,4.719999999999999,1.4699999999999998,-2.19549076698238,
133,2320,KOSPI,한진,도로 화물 운송업,"포장화물,택배산업,항만하역,고속버스사업,운수보관",1974-08-12,12월,"류경표, 노삼석",http://www.hanjin.co.kr,서울특별시,2020-05-15,536515612732.0,25406575323.0,71814160056.0,2430192688.0,0.0,4.74,13.39,0.45,537946355570.0,24641782324.0,21599184112.0,10838975656.0,0.0,4.58,4.02,2.01,648.0,475181780098.0,18341920151.0,19701894200.0,-3337056822.0,0.0,3.86,4.15,-0.7,529170680499.0,10984843754.0,44298632744.0,-14239452024.0,0.0,2.08,8.37,-2.69,-892.0,2062344426631.0,90655085859.0,167248866583.0,-3124801599.0,-209.0,70434.0,70510.0,0.27,-0.09,0.92,-0.3,0.8800000000000003,2.5,12.907446203293127,
134,97230,KOSPI,한진중공업,토목 건설업,"선박건조,기계플랜트 제조/토목공사,건축공사,조경공사,전기공사,가스공사,준설공사,기계설비공사",2007-08-31,12월,홍문기,http://www.hanjinsc.com,부산광역시,2020-05-15,335338000000.0,17101000000.0,-49906000000.0,-5760000000.0,0.0,5.1,-14.88,-1.72,544281000000.0,68897000000.0,282542000000.0,120587000000.0,-35341000000.0,12.66,51.91,22.16,-276.0,316974000000.0,2846000000.0,-87730000000.0,229640000000.0,0.0,0.9,-27.68,72.45,237414000000.0,35324000000.0,318322000000.0,-1210563000000.0,-35341000000.0,14.88,134.08,-509.9,11028.0,1628751000000.0,83839000000.0,155934000000.0,305753000000.0,3671.0,3360.0,2941.0,-0.87,12.38,-8.21,124.8,4.199999999999999,-2.2200000000000006,5.793535116444882,
135,9460,KOSPI,한창제지,"펄프, 종이 및 판지 제조업","마닐라판지,고급백판지(ALL PULP) 제조,판매,수출입",1987-12-23,12월,김길수,http://www.hcpaper.co.kr,경상남도,2020-05-15,44742732764.0,3126771716.0,1797733304.0,2560945552.0,0.0,6.99,4.02,5.72,41194218220.0,2502846409.0,4205811921.0,614384639.0,0.0,6.08,10.21,1.49,168.0,49581561599.0,2416220672.0,-7102084567.0,1991724054.0,0.0,4.87,-14.32,4.02,49119836633.0,1811183030.0,3859529422.0,2543482141.0,0.0,3.69,7.86,5.18,132.0,181407722252.0,10850046779.0,10410416359.0,7375908389.0,123.0,1448.0,1440.0,5.12,4.29,11.6,8.58,2.12,2.39,-9.759331249255355,
136,10620,KOSPI,현대미포조선,선박 및 보트 건조업,"선박수리,선박개조,선박신조",1983-12-20,12월,신현대,http://www.hmd.co.kr,울산광역시,2020-05-15,777276201000.0,33642627000.0,197297550000.0,40967737000.0,0.0,4.33,25.38,5.27,726212002000.0,10843920000.0,-189406681000.0,-7375600000.0,-6135968000.0,1.49,-26.08,-1.02,4100.0,705008028000.0,26168964000.0,42081921000.0,19591810000.0,0.0,3.71,5.97,2.78,727646505000.0,7746044000.0,-127508478000.0,-12393130000.0,-19731175000.0,1.06,-17.52,-1.7,1960.0,2994100904000.0,92620495000.0,-72397272000.0,53251534000.0,1333.0,59485.0,58928.0,4.79,1.58,6.89,2.26,0.6200000000000001,0.42999999999999994,10.250687953868235,
137,4560,KOSPI,현대비앤지스틸,1차 철강 제조업,"스텐레스냉연강판,특수강 제조",1987-03-24,12월,- 정일선,http://www.hyundai-bngsteel.com,경상남도,2020-05-15,169838997647.0,4421402947.0,6673650359.0,2900266476.0,0.0,2.6,3.93,1.71,176133527338.0,12476798915.0,-5726292825.0,3102959019.0,0.0,7.08,-3.25,1.76,768.0,184300847122.0,3549913414.0,-8437706750.0,2093436045.0,0.0,1.93,-4.58,1.14,167067625332.0,4281987892.0,31122881540.0,-2918304869.0,0.0,2.56,18.63,-1.75,552.0,733254620862.0,36519475120.0,35559460371.0,21775481082.0,1444.0,27069.0,26725.0,1.94,3.58,2.84,5.4,0.6700000000000002,4.52,-7.846870864042647,
138,11210,KOSPI,현대위아,자동차 신품 부품 제조업,"자동차부품, 공작기계 등",2011-02-21,12월,정재욱,http://www.hyundai-wia.com,경상남도,2020-05-15,1647757000000.0,84536000000.0,-56883000000.0,76499000000.0,0.0,5.13,-3.45,4.64,1798268000000.0,20163000000.0,126105000000.0,15180000000.0,0.0,1.12,7.01,0.84,11252.0,1849437000000.0,14605000000.0,157454000000.0,13778000000.0,0.0,0.79,8.51,0.74,2160200000000.0,4857000000.0,140397000000.0,-24155000000.0,0.0,0.22,6.5,-1.12,2024.0,7314626000000.0,101934000000.0,444220000000.0,55207000000.0,2030.0,116303.0,113703.0,4.6,0.81,9.67,1.79,4.34,0.9000000000000001,-10.904940260198103,
139,6060,KOSPI,화승인더,플라스틱제품 제조업,"포장용 합성수지 제조/신발,필름 판매/부동산 임대",1991-02-04,12월,대표이사 현석호,http://www.hsi.co.kr,부산광역시,2020-05-14,352772796454.0,22863271356.0,23122135601.0,-956808580.0,0.0,6.48,6.55,-0.27,455415069529.0,43445159850.0,24518491414.0,21905657577.0,0.0,9.54,5.38,4.81,-68.0,283521709966.0,13438618169.0,-3500522373.0,6669601094.0,0.0,4.74,-1.23,2.35,295309384895.0,19637200016.0,39987115830.0,13027722309.0,0.0,6.65,13.54,4.41,480.0,1425876463309.0,113566671728.0,92294021368.0,58950770885.0,1065.0,11270.0,8197.0,-0.24,4.64,-0.6,13.0,1.7400000000000002,2.889999999999999,24.425320549987024,
