,Unnamed: 0,Symbol,Market,Name,Sector,Industry,ListingDate,SettleMonth,Representative,HomePage,Region,Report_Date,Quarter_Revenue2020_12,Quarter_Operating_Profit2020_12,Quarter_Cashflow2020_12,Quarter_Earn2020_12,Quarter_Continue_Earn2020_12,Quarter_Percent_Operating_Profit2020_12,Quarter_Percent_Cashflow2020_12,Quarter_Percent_Earn2020_12,Quarter_Revenue2020_9,Quarter_Operating_Profit2020_9,Quarter_Cashflow2020_9,Quarter_Earn2020_9,Quarter_Continue_Earn2020_9,Quarter_Percent_Operating_Profit2020_9,Quarter_Percent_Cashflow2020_9,Quarter_Percent_Earn2020_9,Quarter_Full_EPS,Last_Revenue2019_12,Last_Operating_Profit2019_12,Last_Cashflow2019_12,Last_Earn2019_12,Last_Continue_Earn2019_12,Last_Percent_Operating_Profit2019_12,Last_Percent_Cashflow2019_12,Last_Percent_Earn2019_12,Last_Revenue2019_9,Last_Operating_Profit2019_9,Last_Cashflow2019_9,Last_Earn2019_9,Last_Continue_Earn2019_9,Last_Percent_Operating_Profit2019_9,Last_Percent_Cashflow2019_9,Last_Percent_Earn2019_9,Fake_Last_Full_EPS,Last_Full_Revenue,Last_Full_Operating_Profit,Last_Full_Cashflow,Last_Full_Earn,Real_Last_Full_EPS,Quarter_BPS,Last_Full_BPS,Quarter_ROA,Last_Full_ROA,QUARTER_ROE,LAST_FULL_ROE,Operating_Profit_Change_Now,Operating_Profit_Change_Before,Revenue_Change_Now,Revenue_Change_Before
12,12,9810,KOSPI,플레이그램,기타 전문 도매업,유연성 산업용 포장재(FIBC) 제조 판매,1988-08-31,12월,김재욱,http://nk-ms.com,서울특별시,2021-03-19,9133468097.0,-625512818.0,1718013896.0,-3524469629.0,-3686195876.0,-6.85,18.81,-38.59,7953899637.0,-450767402.0,-3141921106.0,-1042828127.0,-604011847.0,-5.67,-39.5,-13.11,-172.0,1200886056.0,-229887736.0,-3556380954.0,-598614074.0,6341851745.0,-19.14,-296.15,-49.85,1358261334.0,-381565892.0,3563408113.0,-3314220165.0,-3252389821.0,-28.09,262.35,-244.0,-28.0,8774909615.0,-1364413652.0,7027159.0,-3268464621.0,-40.0,770.0,512.0,-20.08,-7.65,-22.31,-7.9,12.29,22.42,660.5607585637583,
0,0,12630,KOSPI,HDC,기타 금융업,"토목공사,건축공사,아파트분양사업,재개발/재건축사업",1996-10-16,12월,"정몽규, 유병규",http://www.i-park.com,서울특별시,2021-03-17,1255191991795.0,183257039768.0,-585491828570.0,44645820475.0,191342520242.0,14.6,-46.65,3.56,1104349232203.0,160001460312.0,111252341348.0,-33701183056.0,0.0,14.49,10.07,-3.05,2988.0,409807529398.0,25877780519.0,66161583170.0,46640838179.0,191342520242.0,6.31,16.14,11.38,385727269038.0,32766770969.0,103855556963.0,79651948942.0,0.0,8.49,26.92,20.65,3120.0,1616692249290.0,128121494512.0,170017140133.0,256577074348.0,4294.0,72732.0,39355.0,1.86,6.1,4.11,10.91,8.29,6.0,206.28817231319655,
27,27,42700,KOSPI,한미반도체,특수 목적용 기계 제조업,"반도체 후공정장비,반도체금형 제조/부동산 매매,임대",2005-07-22,12월,곽동신,http://www.hanmisemi.com,인천광역시,2021-03-11,77956607495.0,14279472071.0,38990061613.0,9993408980.0,0.0,18.32,50.02,12.82,77902632497.0,24868396559.0,-1506064684.0,18260492217.0,0.0,31.92,-1.93,23.44,808.0,37318442434.0,6897528441.0,-3218890338.0,5511203633.0,0.0,18.48,-8.63,14.77,38833293291.0,8237747779.0,30389415372.0,13673626326.0,0.0,21.21,78.26,35.21,444.0,120377520384.0,13725362614.0,27170525034.0,19262572161.0,389.0,5197.0,4441.0,12.22,7.48,15.55,8.77,-0.1600000000000001,10.71,108.89566233336542,-94.61892854005896
54,54,145270,KOSPI,케이탑리츠,부동산 임대 및 공급업,부동산 임대,2012-01-31,12월,이명식,http://www.ktopreits.co.kr,서울특별시,2021-03-04,12505830629.0,11222476517.0,7669838305.0,8251835514.0,0.0,89.74,61.33,65.98,2896723099.0,2101302215.0,-5955021449.0,1162069395.0,0.0,72.54,-205.58,40.12,852.0,6024650070.0,5096090208.0,4727821020.0,3377532416.0,0.0,84.59,78.47,56.06,2947947695.0,1931817356.0,-2035793644.0,826010999.0,0.0,65.53,-69.06,28.02,348.0,14342283871.0,10466255496.0,-1302594915.0,5439619766.0,140.0,2034.0,1771.0,14.35,2.58,41.87,7.95,5.149999999999992,7.010000000000005,107.57770963783128,
55,55,5070,KOSPI,코스모신소재,기타 화학제품 제조업,"이차전지양극활물질,기능성필름",1987-09-28,12월,홍동환,http://www.cosmoamt.com,충청북도,2021-03-15,74317814056.0,5444103098.0,2976479002.0,7330611534.0,0.0,7.33,4.01,9.86,46001905908.0,3298339405.0,-4855419668.0,2213872957.0,0.0,7.17,-10.55,4.81,972.0,40907470145.0,-1088728509.0,3031802976.0,1792710848.0,0.0,-2.66,7.41,4.38,46256150944.0,-2838683996.0,-3002621302.0,-2915433173.0,0.0,-6.14,-6.49,-6.3,236.0,243904528628.0,-3620826252.0,29181674.0,-1800133133.0,-59.0,5876.0,5021.0,8.07,-0.68,16.54,-1.19,9.99,13.31,81.67296533511899,
15,15,1880,KOSPI,DL건설,건물 건설업,"도로건설공사,토목공사,건축공사,조경공사/부동산 임대,매매",1977-12-22,12월,조남창,http://www.dlconstruction.co.kr,인천광역시,2021-03-17,508994303368.0,34150384707.0,80751901978.0,15753560534.0,0.0,6.71,15.86,3.1,460162956615.0,53099564207.0,78380549643.0,43635449456.0,0.0,11.54,17.03,9.48,2856.0,302979029021.0,28101175051.0,58970509142.0,2627148831.0,0.0,9.27,19.46,0.87,315060376903.0,33350501050.0,67335697235.0,27726268781.0,0.0,10.59,21.37,8.8,476.0,1279913145407.0,142966582933.0,126306206377.0,95096422296.0,4311.0,36356.0,20759.0,4.2,11.17,7.86,20.77,-2.56,0.9499999999999992,67.99654583773874,
100,100,84010,KOSPI,대한제강,1차 철강 제조업,"제강,철재,철근,환봉,마환봉,빌레트 제조",2005-10-31,12월,"이경백, 한성민 각자대표",http://www.idaehan.com,부산광역시,2021-03-18,375922283736.0,27387513207.0,108156996408.0,-20495355450.0,0.0,7.29,28.77,-5.45,268095087616.0,23006338508.0,89973759630.0,45588619873.0,0.0,8.58,33.56,17.0,-3324.0,229684163359.0,8720588766.0,12385894624.0,4929035186.0,0.0,3.8,5.39,2.15,237804583850.0,5978261700.0,16328856479.0,2224296195.0,0.0,2.51,6.87,0.94,796.0,1021712425889.0,42026286377.0,28714751103.0,30134028796.0,1222.0,22250.0,18748.0,-8.67,4.74,-14.94,6.52,3.49,6.07,63.669222221659005,
129,129,11930,KOSPI,신성이엔지,반도체 제조업,"태양전지, 태양광모듈 제조 및 판매, 태양광 발전설치공사, 클린룸, 자동화장비",1996-07-31,12월,"이지선, 안윤수",http://www.shinsungeng.com,경기도,2021-03-18,116746364392.0,6800247411.0,12038566550.0,-21446046162.0,0.0,5.82,10.31,-18.37,138558825242.0,3459904549.0,11952897940.0,2913358639.0,0.0,2.5,8.63,2.1,-420.0,71559068154.0,72593111.0,12075451961.0,3645911131.0,0.0,0.1,16.87,5.09,113113480951.0,1354748406.0,-3171023428.0,-1934960788.0,0.0,1.2,-2.8,-1.71,68.0,451123644321.0,9718870516.0,8904428533.0,2092657039.0,10.0,938.0,598.0,-20.23,0.5,-44.75,1.71,5.720000000000001,1.3,63.14684833619389,
132,132,8700,KOSPI,아남전자,영상 및 음향기기 제조업,"칼라TV,오디오,비디오 제조,도매",1984-08-11,12월,김태수,http://www.aname.co.kr,서울특별시,2021-03-18,80403812.0,883031.0,-6750021.0,830854.0,830854.0,1.1,-8.4,1.03,74163735.0,4906870.0,269554.0,4367797.0,4367797.0,6.62,0.36,5.89,0.0,49303219.0,152933.0,7070700.0,-310259.0,3822845.0,0.31,14.34,-0.63,72041156.0,1331382.0,11179002.0,560247.0,560247.0,1.85,15.52,0.78,0.0,208701337.0,2681242.0,18249701.0,376624.0,0.0,0.0,0.0,0.0,0.3,0.0,0.76,0.79,4.77,63.08024837080111,
30,30,94280,KOSPI,효성ITX,기타 사업지원 서비스업,"컨택센터서비스, Cloud솔루션, CDN, 프로젝터판매",2007-10-25,12월,남경환,http://www.hyosungitx.com,서울특별시,2021-03-15,149072259706.0,4855286689.0,11954113550.0,4106633974.0,0.0,3.26,8.02,2.75,112748149314.0,4150550197.0,30798938624.0,3285651620.0,0.0,3.68,27.32,2.91,1320.0,97477231352.0,3297113405.0,-2613653486.0,4473614790.0,0.0,3.38,-2.68,4.59,93593426530.0,3071905195.0,20798314363.0,2077982119.0,0.0,3.28,22.22,2.22,1436.0,388240100339.0,13026206983.0,18184660877.0,10829854983.0,871.0,3977.0,4162.0,10.14,6.8,33.19,20.94,-0.1200000000000001,0.4000000000000003,52.93033833479042,
1,1,11200,KOSPI,HMM,해상 운송업,"정기,부정기,전용선,콘테이너선,자동차선,LNG선 해운",1995-10-05,12월,배재훈,http://www.hmm21.com,서울특별시,2021-03-18,2006532000000.0,567015000000.0,605636000000.0,136794000000.0,0.0,28.26,30.18,6.82,1718484000000.0,277069000000.0,802910000000.0,24604000000.0,0.0,16.12,46.72,1.43,1348.0,1352472000000.0,-34544000000.0,133733000000.0,-86454000000.0,0.0,-2.55,9.89,-6.39,1447716000000.0,-46606000000.0,265598000000.0,-124272000000.0,0.0,-3.22,18.35,-8.58,-852.0,5513089000000.0,-299695000000.0,399331000000.0,-589927000000.0,-1455.0,4164.0,2689.0,5.83,-8.24,32.37,-54.11,30.81,19.34,48.36033574077689,
10,10,9310,KOSPI,참엔지니어링,특수 목적용 기계 제조업,FPD Laser Repair 장비 등 (FPD 장비의 개발과 제조 및 판매),1987-11-12,12월,김규동,http://www.charmeng.com,경기도,2021-03-19,41934870487.0,2713198421.0,36969843796.0,-8478475421.0,0.0,6.47,88.16,-20.22,69031366371.0,9512354484.0,-28995761387.0,13435026672.0,0.0,13.78,-42.0,19.46,-608.0,28659853483.0,-1675917229.0,19646264964.0,-7568962578.0,0.0,-5.85,68.55,-26.41,28259652424.0,-1431352951.0,-30267382541.0,121020649.0,0.0,-5.07,-107.1,0.43,-544.0,112514202149.0,-13642336110.0,-3621117577.0,-16511430083.0,-297.0,1563.0,1424.0,-4.5,-2.31,-38.89,-20.88,12.32,18.85,46.31920750004624,
82,82,68400,KOSPI,SK렌터카,운송장비 임대업,승용자동차 임대,2012-07-27,12월,황일문,http://www.skcarrental.com,서울특별시,2021-03-16,225634503445.0,15755056400.0,-17925842149.0,-2210097987.0,0.0,6.98,-7.94,-0.98,213556322621.0,21907435445.0,-105877661041.0,8120048032.0,0.0,10.26,-49.58,3.8,-184.0,154951977633.0,2385890817.0,-55429886526.0,1354781927.0,0.0,1.54,-35.77,0.87,166580483637.0,16978767696.0,490129860.0,8020815446.0,0.0,10.19,0.29,4.81,112.0,640883398984.0,41540309044.0,-54939756666.0,16301183725.0,344.0,9793.0,7290.0,-0.39,0.99,-1.88,4.73,5.44,0.0700000000000002,45.615762310184806,
14,14,24720,KOSPI,한국콜마홀딩스,기타 금융업,"화장품,의약부외품의 주문자표시 제조,도매",2002-04-09,12월,김병묵,http://www.kolmar.co.kr,세종특별자치시,2021-03-18,173708329282.0,51752651452.0,11738868584.0,73071010035.0,0.0,29.79,6.76,42.07,162986313799.0,35779711056.0,71587274106.0,11039606786.0,0.0,21.95,43.92,6.77,15732.0,121132880685.0,19145461057.0,33103151309.0,8871543087.0,0.0,15.81,27.33,7.32,120755984231.0,16434632685.0,50998973684.0,7880422437.0,0.0,13.61,42.23,6.53,1908.0,593433802381.0,101154933758.0,84102124993.0,43599076017.0,2346.0,42395.0,32499.0,23.99,3.98,37.11,7.22,13.98,8.34,43.40311920239049,
20,20,10780,KOSPI,아이에스동서,"내화, 비내화 요업제품 제조업","타일,위생도기,콘크리트파일,P.C관,침목 제조,도매",1986-01-27,12월,"허석헌, 정원호, 김갑진(각자 대표이사)",http://www.isdongseo.co.kr,서울특별시,2021-03-18,331141625913.0,54723929563.0,3582629121.0,13032116945.0,0.0,16.53,1.08,3.94,339390498092.0,71178826630.0,-117996499682.0,83620742301.0,0.0,20.97,-34.77,24.64,1684.0,234342111913.0,30020413872.0,-90307177314.0,16920698591.0,0.0,12.81,-38.54,7.22,199477517256.0,26356990043.0,21565149317.0,13890025654.0,0.0,13.21,10.81,6.96,2188.0,964111879557.0,66240705036.0,-117157545529.0,66056642844.0,2138.0,45000.0,41229.0,1.44,2.29,3.74,5.19,3.7200000000000006,7.759999999999998,41.30692226412,
6,6,3160,KOSPI,디아이,"측정, 시험, 항해, 제어 및 기타 정밀기기 제조업; 광학기기 제외","반도체검사장비,전자부품,레저용품,석제품 제조,판매,오파,부동산임대업",1996-07-31,12월,"박원호, 장일선",http://www.di.co.kr,서울특별시,2021-03-18,39731947384.0,-1535415097.0,2016578192.0,-3025055653.0,0.0,-3.86,5.08,-7.61,55946155247.0,5706426754.0,8828006415.0,2754458699.0,0.0,10.2,15.78,4.92,-384.0,28370056263.0,-3167872541.0,311974104.0,1403529509.0,0.0,-11.17,1.1,4.95,39387641058.0,2160021266.0,-13321170129.0,1844514075.0,0.0,5.48,-33.82,4.68,176.0,109539464715.0,-6535241328.0,-13009196025.0,647407415.0,20.0,4392.0,4517.0,-5.28,0.3,-8.74,0.46,7.31,4.719999999999999,40.04888469614383,
131,131,112610,KOSPI,씨에스윈드,"구조용 금속제품, 탱크 및 증기발생기 제조업",풍력발전타워 제조,2014-11-27,12월,"김성권, 김승범",http://www.cswind.com,충청남도,2021-03-22,274096307333.0,25437657338.0,-35749962977.0,-16243427614.0,0.0,9.28,-13.04,-5.93,273321842926.0,31691972212.0,59737758301.0,20585035666.0,0.0,11.6,21.86,7.53,-1540.0,198464319514.0,15646703859.0,-22282139372.0,5243036050.0,0.0,7.88,-11.23,2.64,186182261989.0,18264652549.0,107956983945.0,10454530451.0,0.0,9.81,57.98,5.62,496.0,799390727329.0,60135938305.0,85674844573.0,31908097273.0,756.0,10519.0,8771.0,-7.37,4.34,-14.64,8.63,1.3999999999999997,1.7899999999999991,38.10860713109935,
145,145,5420,KOSPI,코스모화학,기타 화학제품 제조업,"이산화티타늄 및 부산물, 황산코발트 및 부산물",1987-07-23,12월,안성덕,http://www.cosmochem.co.kr,서울특별시,2021-03-18,113309824175.0,1190260261.0,489599543.0,-16071073901.0,0.0,1.05,0.43,-14.18,83827753899.0,1042640902.0,3440389509.0,-2594640697.0,0.0,1.24,4.1,-3.1,-2312.0,82553663510.0,-1490150978.0,4620363838.0,-2971432194.0,0.0,-1.81,5.6,-3.6,87716453386.0,-2826896031.0,3141549325.0,-5198753033.0,0.0,-3.22,3.58,-5.93,-424.0,406823039948.0,-5222743459.0,7761913163.0,-13343221020.0,-480.0,8998.0,8322.0,-9.61,-2.58,-25.69,-5.77,2.8600000000000003,4.46,37.25596098018642,
24,24,5810,KOSPI,풍산홀딩스,기타 금융업,"동판제,대,관,봉,선,소전,동파이프 제조,도매,무역",1988-07-28,12월,"류진, 박우동",http://www.poongsan.co.kr,인천광역시,2021-03-18,82126507815.0,2211632332.0,1548891124.0,4276799905.0,0.0,2.69,1.89,5.21,81217420718.0,8979511959.0,-11054469789.0,8696893473.0,0.0,11.06,-13.61,10.71,1640.0,61554361644.0,1351988884.0,-531765105.0,7728058018.0,0.0,2.2,-0.86,12.55,70675581735.0,1052366181.0,-16026963829.0,944806819.0,0.0,1.49,-22.68,1.34,2968.0,264414748503.0,10790649547.0,-16558728934.0,24174967454.0,2322.0,69920.0,69387.0,1.75,2.58,2.35,3.35,0.4899999999999997,9.57,33.421102293252794,-78.9443404090783
84,84,37270,KOSPI,YG PLUS,"자료처리, 호스팅, 포털 및 기타 인터넷 정보매개 서비스업","광고대행,광고물 제작",2003-08-01,12월,최성준,http://www.ygplus.com,서울특별시,2021-03-17,30343295074.0,5689087968.0,201863040.0,-3285827636.0,1904919640.0,18.75,0.67,-10.83,30402466272.0,2060098794.0,-7658634565.0,280987009.0,1100964504.0,6.78,-25.19,0.92,-204.0,22786853224.0,3422774507.0,10310054885.0,-2768275865.0,545505406.0,15.02,45.25,-12.15,29524387787.0,-90742810.0,-2017445216.0,-1348864967.0,-884844967.0,-0.31,-6.83,-4.57,-172.0,124525579024.0,1195655248.0,8292609669.0,-3274449405.0,-51.0,1642.0,1763.0,-8.57,-2.09,-12.42,-2.93,3.73,7.09,33.16141011537855,
19,19,134790,KOSPI,시디즈,가구 제조업,의자,2011-01-25,12월,대표이사 이상배,http://www.sidiz.com,경기도,2021-03-18,61250991999.0,5090596781.0,6670984012.0,4835490070.0,0.0,8.31,10.89,7.89,57228492053.0,4495629443.0,14014044866.0,3815324559.0,0.0,7.86,24.49,6.67,9668.0,46882837529.0,1605634045.0,7058060685.0,1624545680.0,0.0,3.42,15.05,3.47,44048710920.0,2759341195.0,10509173671.0,2261039849.0,0.0,6.26,23.86,5.13,3248.0,192881844986.0,8645139088.0,17567234356.0,7814880165.0,3907.0,24391.0,16019.0,20.19,11.65,39.64,24.39,4.890000000000001,1.6000000000000003,30.64693868222543,
16,16,10130,KOSPI,고려아연,1차 비철금속 제조업,"연,아연괴 제조,판매",1990-07-28,12월,"최윤범, 노진수, 백순흠",http://www.koreazinc.co.kr,서울특별시,2021-03-16,2251130794348.0,261740031158.0,130173626835.0,151545390939.0,0.0,11.63,5.78,6.73,1976168821214.0,267361646102.0,326349360138.0,170386720324.0,0.0,13.53,16.51,8.62,32116.0,1724264432383.0,176933058905.0,98902325189.0,141472439346.0,0.0,10.26,5.74,8.2,1731097007861.0,208814003994.0,593757953818.0,159216471602.0,0.0,12.06,34.3,9.2,29980.0,6694810889702.0,805328836892.0,692660279007.0,638613351819.0,33835.0,375490.0,362317.0,7.13,8.14,8.55,9.34,1.370000000000001,1.4699999999999989,30.55600707583177,
68,68,64350,KOSPI,현대로템,철도장비 제조업,"철도차량, 특수중기, 산업기계",2013-10-30,12월,이용배,http://www.hyundai-rotem.co.kr,경상남도,2021-03-16,764993508000.0,13659552000.0,11498618000.0,534962000.0,0.0,1.79,1.5,0.07,693242874000.0,31140372000.0,44923533000.0,8988138000.0,0.0,4.49,6.48,1.3,16.0,599993491000.0,-146224454000.0,18576513000.0,-187644106000.0,0.0,-24.37,3.1,-31.27,637248253000.0,-96579630000.0,-219498149000.0,-117292906000.0,0.0,-15.16,-34.44,-18.41,-6876.0,2459346162000.0,-279932221000.0,-200921636000.0,-354302966000.0,-3246.0,12334.0,8089.0,0.04,-8.67,0.13,-40.13,26.16,19.65,27.500301165767148,
28,28,9240,KOSPI,한샘,생활용품 도매업,"주방가구(씽크대),인테리어가구 판매,제조/주택신축판매",2002-07-16,12월,"조창걸, 강승수",http://www.hanssem.com,경기도,2021-03-12,552142341689.0,29584713757.0,18068375733.0,20437328171.0,0.0,5.36,3.27,3.7,503683937349.0,23731817770.0,175069693043.0,19407591269.0,0.0,4.71,34.76,3.85,3472.0,434538630260.0,21650019724.0,52400612404.0,22227734182.0,0.0,4.98,12.06,5.12,410450584671.0,7136451782.0,27044032041.0,4290467208.0,0.0,1.74,6.59,1.05,3776.0,1698372284996.0,55771809993.0,79444644445.0,42714881895.0,1815.0,26724.0,26061.0,6.65,3.55,12.99,6.96,0.3799999999999999,2.97,27.064040625946998,
146,146,2020,KOSPI,코오롱,기타 금융업,지주회사,1975-06-23,12월,안병덕,http://www.kolon.com,경기도,2021-03-19,1478611603937.0,72209025799.0,94832004256.0,28442598196.0,4581595330.0,4.88,6.41,1.92,1205786314957.0,55569839035.0,238281484004.0,21993741559.0,27825313255.0,4.61,19.76,1.82,9008.0,1171808779550.0,37660495147.0,60703070341.0,-29752928504.0,122329468267.0,3.21,5.18,-2.54,1068907955979.0,34580182077.0,97704221473.0,7710534588.0,11817283936.0,3.24,9.14,0.72,-9424.0,4405957743645.0,124522671890.0,167278173246.0,-26586828189.0,-2105.0,68039.0,57177.0,3.07,-0.73,13.24,-3.68,1.67,1.37,26.181987175827352,
18,18,2810,KOSPI,삼영무역,기타 전문 도매업,"화공약품, 안경렌즈",1988-03-28,12월,이승용,http://www.samyung.co.kr,서울특별시,2021-03-19,105447735762.0,6139910418.0,-628769945.0,4928957925.0,0.0,5.82,-0.6,4.67,102610750403.0,6260951612.0,19034543799.0,7978328847.0,0.0,6.1,18.55,7.78,1064.0,83637796406.0,2887697900.0,6255387996.0,6619570965.0,0.0,3.45,7.48,7.91,63355453328.0,1713830132.0,1910372898.0,8386761889.0,0.0,2.71,3.02,13.24,1432.0,274243608436.0,9196085718.0,8165760894.0,35836258151.0,1940.0,22814.0,21531.0,3.68,7.01,4.66,9.01,2.37,3.39,26.0766546862722,
140,140,23810,KOSPI,인팩,자동차 신품 부품 제조업,"자동차용 케이블,전자정보통신관련기기 제조,도매",2004-09-21,12월,"최오길, 최웅선",http://www.infac.com,서울특별시,2021-03-22,121861641503.0,5924114443.0,-4708276704.0,-1227605963.0,0.0,4.86,-3.86,-1.01,97745942712.0,3617142122.0,25305542197.0,3507470169.0,0.0,3.7,25.89,3.59,-488.0,97540573299.0,208565577.0,17900925185.0,3154395671.0,0.0,0.21,18.35,3.23,92763373579.0,1796267371.0,2700778561.0,386752149.0,0.0,1.94,2.91,0.42,1260.0,360807844603.0,-436275810.0,20601703746.0,-4856788242.0,-485.0,11442.0,10992.0,-1.53,-1.65,-4.26,-4.42,4.65,1.7600000000000002,24.9343092637424,
112,112,26940,KOSPI,부국철강,1차 철강 제조업,철강,2008-10-14,12월,남상규/손일호,http://www.bks.co.kr,광주광역시,2021-03-18,41609613859.0,422684843.0,-1970107218.0,143665011.0,0.0,1.02,-4.73,0.35,32784487342.0,734519306.0,8641041113.0,653712120.0,0.0,2.24,26.36,1.99,28.0,34137161704.0,-648290338.0,387556762.0,-88205441.0,0.0,-1.9,1.14,-0.26,30168549541.0,361833600.0,4192451736.0,564417474.0,0.0,1.2,13.9,1.87,-16.0,132264146302.0,315595323.0,4580008498.0,1838565286.0,91.0,5663.0,5627.0,0.42,1.5,0.49,1.63,2.92,1.0400000000000005,21.88949456253248,
78,78,51910,KOSPI,LG화학,기초 화학물질 제조업,"유화/기능/합성수지,재생섬유소,산업재,리튬이온전지,평광판,PVC 제조,도매",2001-04-25,12월,신학철,http://www.lgchem.com,서울특별시,2021-03-17,8904869000000.0,118577000000.0,2234705000000.0,-403011000000.0,0.0,1.33,25.1,-4.53,7507281000000.0,902084000000.0,3606127000000.0,512300000000.0,0.0,12.02,48.04,6.82,-20592.0,7410543000000.0,-33351000000.0,1836156000000.0,-77765000000.0,0.0,-0.45,24.78,-1.05,6898945000000.0,348757000000.0,1284945000000.0,128555000000.0,0.0,5.06,18.63,1.86,-3972.0,28625042000000.0,895648000000.0,3121101000000.0,313365000000.0,4002.0,240030.0,222061.0,-3.89,0.92,-8.58,1.8,1.78,6.96,20.16486511177386,
21,21,5850,KOSPI,에스엘,자동차 신품 부품 제조업,"자동차부품(자동차램프류,샤시와조향기기,케스터홀더) 제조",1988-11-08,12월,"이성엽,김한영,김정현",http://www.slworld.com,대구광역시,2021-03-23,789372768626.0,32479926279.0,107434962005.0,37576263560.0,0.0,4.11,13.61,4.76,682308856370.0,43968033660.0,55378201143.0,23479537461.0,0.0,6.44,8.12,3.44,3116.0,657662824437.0,11568958614.0,26012963732.0,19541587527.0,0.0,1.76,3.96,2.97,571296261113.0,506832601.0,-67033526448.0,16327085068.0,0.0,0.09,-11.73,2.86,1620.0,2262212220833.0,43601604146.0,-41020562716.0,85799441282.0,1779.0,29563.0,28600.0,6.42,3.77,10.54,6.22,2.3500000000000005,6.3500000000000005,20.02697116136249,
102,102,69460,KOSPI,대호에이엘,1차 비철금속 제조업,"알루미늄 환절판 제조,도매,무역",2002-11-11,12월,노영호,http://www.daeho-al.com,대구광역시,2021-03-16,36381799219.0,1208739624.0,4441254996.0,1897046513.0,0.0,3.32,12.21,5.21,31692122202.0,981478679.0,-9088166548.0,1021764167.0,0.0,3.1,-28.68,3.22,152.0,30359898699.0,-1626622218.0,3642648715.0,-625099267.0,0.0,-5.36,12.0,-2.06,28637062655.0,116617857.0,-1612621555.0,-1540182536.0,0.0,0.41,-5.63,-5.38,-48.0,117536747158.0,-949745088.0,2030027160.0,-3506994395.0,-71.0,559.0,537.0,7.36,-4.33,27.17,-13.3,8.68,2.69,19.835048132747392,
148,148,20120,KOSPI,키다리스튜디오,"자료처리, 호스팅, 포털 및 기타 인터넷 정보매개 서비스업","만화, 소설 등 콘텐츠 제작 및 유통, 판매, 컴퓨터 프로그래밍, 시스템 통합 및 관리업",1996-07-03,12월,김영훈,http://www.kidaristudio.com,서울특별시,2021-03-18,10550757880.0,588038381.0,1862438521.0,-549813775.0,72730259.0,5.57,17.65,-5.21,11957091473.0,1306598717.0,3353612422.0,496901174.0,0.0,10.93,28.05,4.16,-64.0,8855435567.0,218968868.0,1026801510.0,2560313447.0,72730259.0,2.47,11.6,28.91,7653562716.0,197385693.0,-250827223.0,-28536748.0,0.0,2.58,-3.28,-0.37,304.0,26737869784.0,702896894.0,775974287.0,2693115706.0,80.0,816.0,629.0,-4.43,6.42,-7.84,12.84,3.1,8.35,19.14442604401821,
64,64,60980,KOSPI,한라홀딩스,기타 금융업,지주회사 및 경영컨설팅 서비스업,2010-05-19,12월,"홍석화, 최경선",http://www.hallaholdings.com,경기도,2021-03-17,237578832114.0,47701679234.0,-3857083001.0,26676125055.0,26700291511.0,20.08,-1.62,11.23,205754292892.0,44809767167.0,27064082429.0,33003162589.0,33019183966.0,21.78,13.15,16.04,10188.0,200261731877.0,18159067315.0,6171673760.0,12674390921.0,14535375727.0,9.07,3.08,6.33,206987099651.0,27219289339.0,39565801811.0,18894866550.0,19173579970.0,13.15,19.12,9.13,4840.0,798365158872.0,75417771989.0,45737475571.0,41060706658.0,3920.0,84687.0,84610.0,5.44,2.33,12.03,4.63,11.009999999999998,8.63,18.634164344449005,
38,38,1260,KOSPI,남광토건,토목 건설업,"토목공사,건축공사,기전공사,측량설계시공,용역/철구조물 제조",1976-12-28,12월,임민규,http://www.namkwang.co.kr,경기도,2021-03-18,83889179625.0,5839553271.0,-54349530966.0,7430855046.0,0.0,6.96,-64.79,8.86,45906324316.0,5220407895.0,92503562772.0,2487994903.0,0.0,11.37,201.51,5.42,3024.0,71097476492.0,305427825.0,26085709929.0,590272621.0,0.0,0.43,36.69,0.83,63094484035.0,2643367375.0,-27912008861.0,794468557.0,0.0,4.19,-44.24,1.26,240.0,236179654398.0,4821012248.0,-1826298932.0,3863897049.0,393.0,6745.0,5379.0,14.57,1.91,44.83,7.31,6.53,7.179999999999999,17.991782218092286,
49,49,25820,KOSPI,이구산업,1차 비철금속 제조업,"동판.조,황동판.조,인청동판.조 제조,임가공/부동산 임대",1995-08-18,12월,"안월환, 김영길(각자 대표이사)",http://www.leeku.net,경기도,2021-03-17,61150477146.0,4159487737.0,1010823021.0,2634876240.0,0.0,6.8,1.65,4.31,50872965431.0,2488645625.0,-8260983713.0,795885588.0,0.0,4.89,-16.24,1.56,312.0,52099538306.0,-2569695940.0,6222531417.0,-3364769103.0,0.0,-4.93,11.94,-6.46,51046849987.0,-389468858.0,-487396542.0,-1436125883.0,0.0,-0.76,-0.95,-2.81,-400.0,210304345587.0,647536927.0,5735134875.0,-3359895356.0,-100.0,3057.0,3026.0,3.84,-1.28,10.2,-3.32,11.73,5.65,17.372397403678445,
22,22,100,KOSPI,유한양행,의약품 제조업,"의약품(삐콤씨, 안티푸라민, 렉라자, 로수바미브, 코푸시럽 등), 생활용품(유한락스, 해피홈, 유한젠), 동물약품",1962-11-01,12월,대표이사 조욱제,http://www.yuhan.co.kr,서울특별시,2021-03-11,461421861984.0,27153149113.0,4866988637.0,11933879943.0,0.0,5.88,1.05,2.59,429680885082.0,20371266036.0,23963260239.0,28809240440.0,0.0,4.74,5.58,6.7,680.0,393744301262.0,8516301975.0,16609125398.0,2705717977.0,0.0,2.16,4.22,0.69,382258147933.0,3345046475.0,49376287651.0,12557955003.0,0.0,0.88,12.92,3.29,152.0,1480353606936.0,12535759291.0,65985413049.0,36612325771.0,523.0,26392.0,23583.0,1.99,1.73,2.58,2.22,3.72,3.86,17.18820069397447,
77,77,66570,KOSPI,LG전자,통신 및 방송 장비 제조업,"이동통신단말기,C-TV,V.C.R.,컴퓨터,완전평면 TV,플라즈마 디스플레이 패널 TV,전자제품(세탁기외),CDMA(코드분할다중접속)이동통신,전자교환기,전송기기",2002-04-22,12월,배두용,http://www.lge.co.kr,서울특별시,2021-03-16,18780857000000.0,650165000000.0,1529497000000.0,260336000000.0,0.0,3.46,8.14,1.39,16919559000000.0,958981000000.0,3099079000000.0,626081000000.0,0.0,5.67,18.32,3.7,6360.0,16061202000000.0,101802000000.0,1142939000000.0,-875412000000.0,0.0,0.63,7.12,-5.45,15700645000000.0,781461000000.0,2546225000000.0,244174000000.0,0.0,4.98,16.22,1.56,-21392.0,62306175000000.0,2436139000000.0,3689164000000.0,31285000000.0,191.0,107186.0,100361.0,2.16,0.07,5.93,0.19,2.83,0.6899999999999995,16.93307263055405,
81,81,11790,KOSPI,SKC,기타 화학제품 제조업,"폴리에스테르필름,합성수지,LCD용 필름 제조",1997-07-18,12월,이완재,http://www.skc.kr,경기도,2021-03-22,712373388707.0,58079023544.0,209302820634.0,-41726290089.0,-29995219951.0,8.15,29.38,-5.86,723695690832.0,55312986747.0,127809991967.0,2587023535.0,20779334633.0,7.64,17.66,0.36,-4400.0,609277058756.0,26282529633.0,-47676871792.0,5705960317.0,67752038523.0,4.31,-7.83,0.94,604696199694.0,38373997793.0,88210440894.0,21607887430.0,21949651898.0,6.35,14.59,3.57,600.0,2539766499160.0,155080809640.0,40533569102.0,59714080104.0,1574.0,50506.0,45529.0,-3.09,1.5,-8.71,3.46,3.8400000000000007,1.29,16.921091721637836,
2,2,34220,KOSPI,LG디스플레이,전자부품 제조업,액정표시장치(TFT-LCD) 제조,2004-07-23,12월,정호영,http://www.lgdisplay.com,서울특별시,2021-03-15,7461208000000.0,685465000000.0,1099251000000.0,568393000000.0,620970000000.0,9.19,14.73,7.62,6737646000000.0,164360000000.0,1187697000000.0,30377000000.0,11121000000.0,2.44,17.63,0.45,6352.0,6421695000000.0,-421882000000.0,1463060000000.0,-1801041000000.0,984388000000.0,-6.57,22.78,-28.05,5821681000000.0,-436738000000.0,1243485000000.0,-419354000000.0,-442204000000.0,-7.5,21.36,-7.2,-20132.0,23475567000000.0,-1359382000000.0,2706545000000.0,-2829705000000.0,-7908.0,35595.0,34900.0,6.48,-7.95,17.84,-22.66,15.76,9.94,16.187517470076045,
13,13,25540,KOSPI,한국단자,"전동기, 발전기 및 전기 변환 · 공급 · 제어 장치 제조업","전기변환장치(광커넥터,통신용콘넥터,정밀압착단자설계) 제조,무역(수출)",1996-10-16,12월,"이창원,이원준",http://www.ket.com,인천광역시,2021-03-11,245805113307.0,33263189865.0,46030251275.0,17611945319.0,0.0,13.53,18.73,7.17,211401630006.0,21916042442.0,62165891700.0,18683784797.0,0.0,10.37,29.41,8.84,6760.0,211600828706.0,11928034015.0,26994974492.0,9074438367.0,0.0,5.64,12.76,4.29,188030999595.0,5490987517.0,34878077101.0,6456960184.0,0.0,2.92,18.55,3.43,3484.0,772133924961.0,33514449978.0,61873051593.0,31886497044.0,3061.0,73367.0,68181.0,7.15,3.6,9.21,4.49,7.89,7.449999999999999,16.16453244071351,
29,29,14680,KOSPI,한솔케미칼,기초 화학물질 제조업,"과산화수소,라텍스,요소수지,수소액화탄산,차아황산소다 제조,판매,디지털카메라용 인화필름 제조,수출",1989-05-20,12월,박원환,http://www.hansolchemical.com,서울특별시,2021-03-17,159231416024.0,26798792710.0,34940066603.0,18920556900.0,12671138685.0,16.83,21.94,11.88,164688107624.0,51288627588.0,130102076091.0,39638989616.0,42158680031.0,31.14,79.0,24.07,6676.0,137089412230.0,19506990876.0,27768506015.0,13601286647.0,50319357810.0,14.23,20.26,9.92,141968811608.0,34187086368.0,73828297384.0,26173758718.0,26605680505.0,24.08,52.0,18.44,4800.0,587561120459.0,111415756439.0,101596803399.0,86463976416.0,7629.0,54908.0,45932.0,7.57,9.21,12.16,16.61,2.599999999999998,7.060000000000002,16.151505381649415,
11,11,6890,KOSPI,태경케미컬,기초 화학물질 제조업,"드라이아이스,액체탄산,고체탄산 제조",2003-01-28,12월,박기환,http://www.taekyungchem.co.kr,서울특별시,2021-03-18,12150179220.0,2318746534.0,1457030094.0,2308402181.0,0.0,19.08,11.99,19.0,11513145994.0,2001548489.0,7319335216.0,1571784592.0,0.0,17.38,63.57,13.65,792.0,10472707675.0,286639097.0,26957061318.0,6238233213.0,0.0,2.74,257.4,59.57,10106923242.0,304342582.0,6221194047.0,1250970834.0,0.0,3.01,61.55,12.38,2148.0,41832103994.0,1191403928.0,33178255365.0,9823097442.0,846.0,10706.0,10214.0,6.53,7.24,7.4,8.29,16.339999999999996,14.37,16.01755340697982,
37,37,11780,KOSPI,금호석유,기초 화학물질 제조업,"합성고무 SBR(스티렌부타디엔러버),BR(폴리부타디엔러버),합성수지,BD,라텍스 제조,도소매",1988-01-22,12월,백종훈,http://www.kkpc.com,서울특별시,2021-03-18,1369533550890.0,275095040609.0,109260390011.0,209385937804.0,209399556162.0,20.09,7.98,15.29,1188259039863.0,213776950349.0,662273916394.0,146209325754.0,146219297712.0,17.99,55.73,12.3,27484.0,1181431214250.0,15349242929.0,169911888999.0,17898008484.0,284234920879.0,1.3,14.38,1.51,1216471338864.0,68373990014.0,387768661906.0,47559526090.0,47344534086.0,5.62,31.88,3.91,2348.0,4977931637637.0,367758876376.0,557680550905.0,294600908543.0,9668.0,103354.0,86299.0,16.66,6.49,26.59,11.2,18.79,12.369999999999996,15.921564825033991,
9,9,180,KOSPI,성창기업지주,회사 본부 및 경영 컨설팅 서비스업,"합판, 마루, 파티클보드, 우드칩, 포르말린 등 제조",1976-06-02,12월,우인석,http://www.sce.kr,부산광역시,2021-03-16,47789683897.0,3371903446.0,1143480519.0,606045110.0,2396953886.0,7.06,2.39,1.27,40683920480.0,1900185506.0,14719463983.0,1989940113.0,2165306547.0,4.67,36.18,4.89,32.0,41415105754.0,704787192.0,4465922013.0,-3188829888.0,11643809791.0,1.7,10.78,-7.7,36807581680.0,-1164208702.0,4273139518.0,-1562842084.0,-1362401615.0,-3.16,11.61,-4.25,-180.0,151041606849.0,-2951399189.0,8739061531.0,-10875066038.0,-155.0,7640.0,7532.0,0.32,-1.55,0.42,-2.07,5.359999999999999,7.83,15.391915647551674,
114,114,6400,KOSPI,삼성SDI,일차전지 및 축전지 제조업,"2차전지, 전자재료 제조 판매",1979-02-27,12월,전영현,http://www.samsungsdi.co.kr,경기도,2021-03-09,3251385428101.0,246198358893.0,672445060178.0,317903899522.0,0.0,7.57,20.68,9.78,3087240977278.0,267351332365.0,1276375180329.0,223029325774.0,0.0,8.66,41.34,7.22,18624.0,2820919028498.0,20123401511.0,217115679206.0,-50539341852.0,0.0,0.71,7.7,-1.79,2567937571530.0,165957224767.0,705955953462.0,208354984468.0,0.0,6.46,27.49,8.11,-2960.0,10097426164132.0,462176462269.0,923071632668.0,356548860592.0,5223.0,195693.0,185459.0,5.9,1.8,9.52,2.82,6.86,2.2,15.259792828303976,
3,3,23150,KOSPI,MH에탄올,알코올음료 제조업,"주정,탄산가스 제조",1996-12-24,12월,윤현의,http://www.mhethanol.com,경상남도,2021-03-16,24875341642.0,8122699636.0,10212352378.0,4198179709.0,0.0,32.65,41.05,16.88,23255789117.0,2187225089.0,8773443381.0,430904858.0,0.0,9.41,37.73,1.85,2276.0,21617407816.0,3572258205.0,450100541.0,-1706589656.0,0.0,16.52,2.08,-7.89,19518441819.0,-538400398.0,10918830800.0,-795488536.0,0.0,-2.76,55.94,-4.08,-924.0,80879342162.0,7829102971.0,11368931341.0,-525103507.0,-71.0,10900.0,10760.0,3.73,-0.12,20.88,-0.66,16.13,12.17,15.070881086809395,
4,4,660,KOSPI,SK하이닉스,반도체 제조업,"반도체,컴퓨터,통신기기 제조,도매",1996-12-26,12월,"박정호, 이석희 (각자대표)",http://www.skhynix.com,경기도,2021-03-22,7966225000000.0,965912000000.0,3261827000000.0,1766796000000.0,0.0,12.13,40.95,22.18,8128767000000.0,1299696000000.0,9052744000000.0,1077262000000.0,0.0,15.99,111.37,13.25,9704.0,6927111000000.0,242498000000.0,2650121000000.0,-125508000000.0,0.0,3.5,38.26,-1.81,6838766000000.0,472561000000.0,3899615000000.0,493201000000.0,0.0,6.91,57.02,7.21,-688.0,26990733000000.0,2712718000000.0,6483188000000.0,2013288000000.0,2765.0,71306.0,65858.0,9.93,3.11,13.61,4.2,8.63,9.08,15.000683546142108,
178,178,16580,KOSPI,환인제약,의약품 제조업,"의약품(신경정신질환치료제,소화기관용약제,연고) 제조,도매",1996-07-03,12월,"이광식, 이원범(각자 대표이사)",http://www.whanin.co.kr,서울특별시,2021-03-11,44205168781.0,7188079856.0,3116386360.0,4653766975.0,0.0,16.26,7.05,10.53,43330863861.0,8365472807.0,19638296258.0,7449753420.0,0.0,19.31,45.32,17.19,1000.0,38593716901.0,4096713132.0,8973347501.0,3061340317.0,0.0,10.61,23.25,7.93,40775230725.0,6395812085.0,15757603125.0,5202283984.0,0.0,15.69,38.65,12.76,656.0,159176971647.0,26164673759.0,24730950626.0,18695949836.0,1004.0,15943.0,14752.0,5.65,6.13,6.27,6.81,5.650000000000002,3.619999999999999,14.539806814654336,
123,123,7860,KOSPI,서연,기타 금융업,"자동차부품(승용차내장품-도어트림,헤드라이닝,승용차시트) 제조,도매",1989-09-09,12월,유양석,http://www.seo-yon.com,경기도,2021-03-18,693413852815.0,38999503815.0,60073907577.0,12303649234.0,21174570133.0,5.62,8.66,1.77,605367466960.0,25364765183.0,92886404140.0,-707327785.0,190560300.0,4.19,15.34,-0.12,2092.0,605836706636.0,23894921479.0,107288249565.0,-33748491816.0,-19310803864.0,3.94,17.71,-5.57,550332435800.0,1165859459.0,116575835543.0,-28340439556.0,-13774712575.0,0.21,21.18,-5.15,-5748.0,2202639857985.0,33214660913.0,223864085108.0,-59974989676.0,-2554.0,35201.0,34282.0,2.28,-2.71,5.94,-7.45,1.6800000000000002,3.98,14.455569499128792,
75,75,58850,KOSPI,KTcs,기타 정보 서비스업,전화번호검색 데이타제공/콜센터 운영,2010-09-16,12월,박경원,http://www.ktcs.co.kr,대전광역시,2021-03-19,285844305863.0,3379280984.0,31481083877.0,390448232.0,0.0,1.18,11.01,0.14,221151235101.0,4875375743.0,18959022570.0,3553909999.0,0.0,2.2,8.57,1.61,36.0,250785188754.0,547611552.0,13945064366.0,-811686725.0,0.0,0.22,5.56,-0.32,233448332098.0,3295139352.0,11062639297.0,2484548709.0,0.0,1.41,4.74,1.06,-76.0,944861712920.0,11346695683.0,25007703663.0,7430983829.0,174.0,3976.0,3844.0,0.4,1.97,0.91,4.53,0.96,0.7900000000000003,13.979739905369836,
36,36,860,KOSPI,강남제비스코,기타 화학제품 제조업,"도료(페인트,락카,신나,에나멜,바니쉬),안료 제조,판매",1975-11-12,12월,"황익준,김재현(각자대표이사)",http://www.jevisco.com,부산광역시,2021-03-17,95937596111.0,199326940.0,7359091141.0,9570313993.0,0.0,0.21,7.67,9.98,84116604604.0,1018059119.0,23181434754.0,4883864095.0,0.0,1.21,27.56,5.81,5888.0,85620598058.0,-4073002502.0,3671496712.0,2276638212.0,0.0,-4.76,4.29,2.66,79369944610.0,-2699148785.0,7517751512.0,1907885023.0,0.0,-3.4,9.47,2.4,1400.0,332539412854.0,-1964061687.0,11189248224.0,14622795988.0,2249.0,89609.0,86329.0,5.37,2.18,6.57,2.61,4.97,4.609999999999999,12.049668288945137,
8,8,200880,KOSPI,서연이화,자동차 신품 부품 제조업,자동차 도어 트림 및 시트,2014-08-08,12월,강용석,http://www.seoyoneh.com,경기도,2021-03-18,627235755290.0,41882287158.0,48178414305.0,7735468697.0,9180760915.0,6.68,7.68,1.23,534826704286.0,28663781087.0,67117936909.0,2382359203.0,3696904758.0,5.36,12.55,0.45,1144.0,560854498962.0,14893197358.0,103605435218.0,-40669150382.0,-36097073171.0,2.66,18.47,-7.25,469972715708.0,2124166494.0,87993374866.0,-11348790576.0,-10643440248.0,0.45,18.72,-2.41,-6016.0,1976766424325.0,21876293584.0,191598810084.0,-46520185117.0,-1721.0,23384.0,22997.0,1.71,-2.56,4.89,-7.48,4.02,4.91,11.835735730185805,
7,7,26890,KOSPI,디피씨,"전동기, 발전기 및 전기 변환 · 공급 · 제어 장치 제조업","전자레인지용 고압변성기,리엑터,디지탈위성방송수신기 제조",1997-11-25,12월,"도용환, 이태고",http://www.dpc.co.kr,경기도,2021-03-17,49922961866.0,11859779464.0,12698749280.0,4676026994.0,4694987567.0,23.76,25.44,9.37,46762489337.0,7987739221.0,19440107895.0,6110256885.0,6247732494.0,17.08,41.57,13.07,448.0,44978359103.0,5038140029.0,-5422000645.0,2292722965.0,9519763768.0,11.2,-12.05,5.1,38762104193.0,3826489739.0,-6975097689.0,2841952384.0,3152489992.0,9.87,-17.99,7.33,220.0,165392132672.0,14030028313.0,-12397098334.0,10669129371.0,256.0,4330.0,3756.0,7.48,4.83,10.35,6.82,12.560000000000002,7.209999999999999,10.993292911546437,
87,87,12200,KOSPI,계양전기,일반 목적용 기계 제조업,"전동공구(그라인더,드릴,커팅머신 등), 엔진, 자동차용 모터 제조",1988-07-06,12월,임영환,http://www.keyang.co.kr,서울특별시,2021-03-18,104506804104.0,1964947736.0,5829527940.0,-1740635950.0,0.0,1.88,5.58,-1.67,103886118545.0,3661440639.0,15770182940.0,4028354242.0,0.0,3.52,15.18,3.88,-212.0,94319915323.0,27220793.0,-3778009253.0,-3369281330.0,0.0,0.03,-4.01,-3.57,94498160827.0,6544907.0,1115934821.0,289370963.0,0.0,0.01,1.18,0.31,-412.0,375025411691.0,3218277859.0,-2662074432.0,129182942.0,3.0,5907.0,5658.0,-2.36,0.05,-3.59,0.07,1.85,3.51,10.800358276526058,
5,5,1070,KOSPI,대한방직,직물직조 및 직물제품 제조업,"면사,화섬사,면직물 제조,판매,건설",1973-12-28,12월,"설 범, 김 인호",http://www.thtc.co.kr,서울특별시,2021-03-18,45458466078.0,524618643.0,3024691001.0,254015207.0,-2849945851.0,1.15,6.65,0.56,44155206972.0,1391286477.0,1260932995.0,405894711.0,405894711.0,3.15,2.86,0.92,188.0,41245937841.0,-7748221422.0,-10091852857.0,-10710748916.0,4437384106.0,-18.79,-24.47,-25.97,37804060989.0,-1380360504.0,-9202421497.0,-1977555142.0,-1482744624.0,-3.65,-24.34,-5.23,-8080.0,156304223062.0,-12979458087.0,-19294274354.0,-15955033416.0,-3009.0,25712.0,23783.0,0.47,-8.07,0.73,-12.65,19.94,6.8,10.213195426029545,
73,73,16380,KOSPI,KG동부제철,1차 철강 제조업,"철강재(냉연강판,아연도강판,칼라강판,석도강판,선재류,강관,형강,봉강),비철금속 제조,도매",1986-02-03,12월,박성희,http://www.kgdongbusteel.co.kr,서울특별시,2021-03-11,591808861161.0,20230889334.0,14096416904.0,11208603116.0,0.0,3.42,2.38,1.89,586979570709.0,33918726112.0,115942085497.0,23407141355.0,0.0,5.78,19.75,3.99,448.0,537666613442.0,8389144588.0,-39448512511.0,-1162655175.0,0.0,1.56,-7.34,-0.22,604002791032.0,13145906414.0,-130354697400.0,30486357848.0,0.0,2.18,-21.58,5.05,-44.0,2428250197414.0,34639840274.0,-169803209911.0,-33311633936.0,-332.0,9719.0,8887.0,1.99,-1.41,4.61,-3.75,1.86,3.6,10.069854881335406,
98,98,12800,KOSPI,대창,1차 비철금속 제조업,"황동봉,동합금괴 제조,판매",1989-12-05,12월,"조시영, 김옥렬",http://www.brassone.com,경기도,2021-03-16,264735821274.0,14351883760.0,-8867739013.0,2587738611.0,0.0,5.42,-3.35,0.98,224846724405.0,11363805470.0,-4016137968.0,3558427811.0,0.0,5.05,-1.79,1.58,132.0,241663816457.0,5854883859.0,22835532814.0,782379691.0,0.0,2.42,9.45,0.32,206731941467.0,601797968.0,-10887465286.0,-70197300.0,0.0,0.29,-5.27,-0.03,40.0,898987909304.0,16988396871.0,11948067528.0,5058047825.0,65.0,2873.0,2792.0,1.64,0.88,4.59,2.35,3.0,4.76,9.54714907479965,
119,119,5680,KOSPI,삼영전자,전자부품 제조업,"전자부품(알루미늄 전해콘덴서),전기이중층콘덴서,센서 제조,도매",1976-12-28,12월,"변동준, 김성수(각자 대표이사)",http://www.samyoung.co.kr,경기도,2021-03-11,51592608290.0,1312811525.0,7825494488.0,467755979.0,0.0,2.54,15.17,0.91,51899532740.0,2592882368.0,12655647587.0,3267361993.0,0.0,5.0,24.38,6.3,92.0,47106146233.0,-612533384.0,7131039195.0,93043267.0,0.0,-1.3,15.14,0.2,50520153950.0,1357507819.0,15354789826.0,2802520586.0,0.0,2.69,30.39,5.55,16.0,200957322185.0,4637105880.0,22485829021.0,8554284980.0,427.0,24544.0,24219.0,0.36,1.7,0.37,1.77,3.84,2.31,9.524154310583423,
59,59,71090,KOSPI,하이스틸,1차 철강 제조업,"강관 제조,도매",2003-02-17,12월,엄정근,http://www.histeel.co.kr,충청남도,2021-03-08,48649545310.0,1166063869.0,-1123546830.0,594551044.0,0.0,2.4,-2.31,1.22,32583420940.0,936319481.0,3950061056.0,460726078.0,0.0,2.87,12.12,1.41,116.0,44431594439.0,-1235348519.0,2817963168.0,-1556163590.0,0.0,-2.78,6.34,-3.5,37990572900.0,-971942629.0,-5242888637.0,-636131211.0,0.0,-2.56,-13.8,-1.67,-308.0,214251803457.0,1108836724.0,-2424925469.0,31538037.0,1.0,6301.0,6382.0,0.97,0.01,1.84,0.02,5.18,5.43,9.49313416332788,
159,159,23350,KOSPI,한국종합기술,"건축기술, 엔지니어링 및 관련 기술 서비스업","토목설계,건축설계,감리,측량/토목건축공사",2011-04-28,12월,이상민,http://www.kecc.co.kr,경기도,2021-03-18,76434496556.0,2678751137.0,22784923644.0,6172090518.0,0.0,3.5,29.81,8.08,95253725336.0,648340651.0,11199249932.0,370493241.0,0.0,0.68,11.76,0.39,2252.0,69949257077.0,-669280937.0,19877124495.0,-1909436072.0,0.0,-0.96,28.42,-2.73,52006879230.0,-126841899.0,5284300920.0,-312020036.0,0.0,-0.24,10.16,-0.6,-696.0,218943295362.0,-2095018981.0,25161425415.0,-3556157627.0,-324.0,12559.0,8724.0,7.42,-1.29,17.93,-3.72,4.46,0.92,9.271348617557242,
48,48,49800,KOSPI,우진플라임,특수 목적용 기계 제조업,"플라스틱사출성형기 제조,판매",2006-05-24,12월,김익환,http://www.woojinplaimm.com,충청북도,2021-03-23,59532121717.0,4322541018.0,11055981881.0,4348231870.0,0.0,7.26,18.57,7.3,44107330577.0,1964327799.0,17899522685.0,1045893939.0,0.0,4.45,40.58,2.37,868.0,54702967020.0,-243241451.0,9911675681.0,-3340894299.0,0.0,-0.44,18.12,-6.11,40667126390.0,-1441773753.0,4345067442.0,-2584658517.0,0.0,-3.55,10.68,-6.36,-668.0,181802338349.0,-8331188207.0,14256743123.0,-13606883522.0,-680.0,3038.0,2631.0,6.49,-5.08,28.56,-25.85,7.7,8.0,8.827957531507218,
143,143,18470,KOSPI,조일알미늄,1차 비철금속 제조업,"알루미늄판 제조,도매",1988-11-22,12월,"이영호,박동수",http://www.choilal.co.kr,경상북도,2021-03-18,90854922030.0,207619232.0,528609614.0,-429271388.0,0.0,0.23,0.58,-0.47,78792506255.0,252083448.0,1256492645.0,-858222767.0,0.0,0.32,1.59,-1.09,-16.0,83491750021.0,-4329932831.0,-8472459799.0,-65590056606.0,0.0,-5.19,-10.15,-78.56,74545611375.0,-2371886732.0,11802879139.0,-3234672493.0,0.0,-3.18,15.83,-4.34,-2556.0,311766940506.0,-12173398241.0,3330419340.0,-76711469779.0,-747.0,1090.0,1105.0,-0.6,-26.52,-1.47,-67.62,5.420000000000001,3.5,8.819041410855565,
53,53,51630,KOSPI,진양화학,플라스틱제품 제조업,"레쟈,바닥재 제조",2001-01-29,12월,김상용,http://www.chinyang.co.kr,울산광역시,2021-03-09,11155973237.0,-114665105.0,537487212.0,-274989191.0,0.0,-1.03,4.82,-2.46,11101112662.0,137726791.0,37311357.0,415550276.0,0.0,1.24,0.34,3.74,-88.0,10269161643.0,-1013593295.0,-251246362.0,-889321283.0,0.0,-9.87,-2.45,-8.66,11193716432.0,-456438405.0,1394451824.0,-320332651.0,0.0,-4.08,12.46,-2.86,-296.0,44531589062.0,-2745492601.0,1273205462.0,-2096052948.0,-174.0,2300.0,2221.0,-2.76,-5.6,-3.83,-7.86,8.84,5.32,8.635676648487633,
94,94,72710,KOSPI,농심홀딩스,기타 금융업,"지주회사,투자자문,경영컨설팅 서비스",2003-07-30,12월,신동원,http://www.nongshimholdings.co.kr,서울특별시,2021-03-19,157991100812.0,18807901665.0,15109998537.0,17434749956.0,0.0,11.9,9.56,11.04,128924563725.0,13128718987.0,18300843209.0,11842136557.0,0.0,10.18,14.2,9.19,15036.0,145450925990.0,11835113972.0,30473696981.0,11383442043.0,0.0,8.14,20.95,7.83,122852398146.0,8492162133.0,-12093276805.0,7132136549.0,0.0,6.91,-9.84,5.81,9816.0,536687271955.0,41256827201.0,18380420176.0,36580118328.0,7886.0,209895.0,198810.0,5.59,3.01,7.16,3.97,3.76,3.27,8.621584728076712,
147,147,21240,KOSPI,코웨이,그외 기타 개인 서비스업,"렌탈 서비스(정수기,비데, 필터교환 등), 가정용기기 도매,판매,제조,폐기물처리설비,수출(정수기,청정기)",2001-08-07,12월,"이해선, 서장원",http://company.coway.com,충청남도,2021-03-23,862567554826.0,129812038529.0,-75635256314.0,67471856386.0,0.0,15.05,-8.77,7.82,800403078230.0,168611644212.0,638474344372.0,116838564148.0,0.0,21.07,79.77,14.6,3656.0,794611020181.0,44621619106.0,122513519562.0,19726456677.0,0.0,5.62,15.42,2.48,759583663242.0,140258943081.0,416746061065.0,110766100242.0,0.0,18.47,54.87,14.58,1068.0,3018912502707.0,458275463578.0,539259580627.0,332942167271.0,4511.0,20191.0,14597.0,8.91,11.66,18.11,30.91,9.43,2.6000000000000014,8.55217621189303,
172,172,880,KOSPI,한화,기타 화학제품 제조업,"화약,화공품,자동선반류,공작기계 제조,전자교환기,건설,정보통신,종합무역/임직원 및 개인대상 교육,세미나 및 워크샵 중계,동영상광고",1976-06-24,12월,"금춘수, 옥경석, 김승모, 김맹윤",http://www.hanwhacorp.co.kr,서울특별시,2021-03-19,13788010000000.0,148080000000.0,1453056000000.0,-200225000000.0,-205251000000.0,1.07,10.54,-1.45,11672376000000.0,636204000000.0,1989877000000.0,163146000000.0,410320000000.0,5.45,17.05,1.4,-10684.0,12729290000000.0,114821000000.0,1688919000000.0,-173802000000.0,74077000000.0,0.9,13.27,-1.37,12978334000000.0,387759000000.0,829002000000.0,109772000000.0,300351000000.0,2.99,6.39,0.85,-9272.0,50412399000000.0,1125717000000.0,2517921000000.0,89962000000.0,1200.0,246902.0,243657.0,-0.42,0.05,-4.33,0.49,0.17,2.46,8.317196010146677,30775.9844700186
121,121,390,KOSPI,삼화페인트,기타 화학제품 제조업,"건축용페인트,공업용페인트,분체도료 등 제조",1993-09-10,12월,"오진수,류기붕(각자대표)",http://www.samhwa.com,경기도,2021-03-17,152171911289.0,5956361960.0,21912964284.0,1948165024.0,0.0,3.91,14.4,1.28,137565518881.0,5212522685.0,11587480272.0,2937769559.0,0.0,3.79,8.42,2.14,284.0,140945837059.0,3729667838.0,11235891363.0,1099829020.0,0.0,2.65,7.97,0.78,134239447031.0,3187992495.0,14542757865.0,1405865915.0,0.0,2.37,10.83,1.05,160.0,540276699849.0,11248669648.0,25778649228.0,3775591265.0,138.0,10745.0,10372.0,1.3,0.67,2.64,1.34,1.2600000000000002,1.42,7.9648143316930735,
142,142,7570,KOSPI,일양약품,의약품 제조업,"일반의약품(원비디,영비천,아진탈,디세텔,노루모산),항암제(베타-이뮤난),전문의약품 제조,판매,수출입",1974-08-28,12월,김동연,http://www.ilyang.co.kr,경기도,2021-03-18,86979059127.0,8314365489.0,32058856063.0,319433753.0,0.0,9.56,36.86,0.37,102639644822.0,11400738527.0,25425333200.0,4902514049.0,0.0,11.11,24.77,4.78,64.0,80604042335.0,6097491915.0,24394973610.0,-1765364.0,0.0,7.56,30.27,-0.0,89827776676.0,8920963048.0,11797720948.0,3830644846.0,0.0,9.93,13.13,4.26,0.0,324573436601.0,32510928599.0,36192694558.0,9984922523.0,523.0,12832.0,11670.0,0.28,2.28,0.5,4.48,2.000000000000001,1.1799999999999995,7.909053451072181,
174,174,12450,KOSPI,한화에어로스페이스,"항공기,우주선 및 부품 제조업","항공기엔진,특수방산장비 제조/정비사업",1987-05-27,12월,Shin Hyun Woo,http://www.hanwhaaerospace.co.kr/,경상남도,2021-03-19,1724217087290.0,76258483579.0,235094922185.0,56511089250.0,75536335588.0,4.42,13.63,3.28,1377144955191.0,94287442498.0,199654672384.0,41110334646.0,56030541351.0,6.85,14.5,2.99,4464.0,1598122629130.0,35095153520.0,447732453207.0,7899322493.0,16962163713.0,2.2,28.02,0.49,1312505731136.0,57067975555.0,267410539961.0,76823645406.0,85997173908.0,4.35,20.37,5.85,620.0,5264114375095.0,165225934743.0,715142993168.0,132205039355.0,2610.0,59042.0,56388.0,2.39,1.52,7.56,4.63,2.22,2.5,7.89016160972856,
74,74,1390,KOSPI,KG케미칼,기초 화학물질 제조업,"콘크리트혼화제, 비료, 친환경농자재, 수처리제",1989-08-25,12월,"곽정현, 김재익",http://www.kgchem.co.kr,울산광역시,2021-03-19,952305020572.0,50338631846.0,104980966383.0,13889363401.0,0.0,5.29,11.02,1.46,916615874369.0,68969087633.0,205316874951.0,-12160017216.0,0.0,7.52,22.4,-1.33,4004.0,883286508238.0,27358563518.0,67156899161.0,-18974316625.0,0.0,3.1,7.6,-2.15,520148526814.0,39102035460.0,79588951747.0,107005062434.0,0.0,7.52,15.3,20.57,-5472.0,2068395230839.0,117974346288.0,146745850908.0,96147983687.0,6933.0,108724.0,97466.0,1.28,2.32,3.68,7.11,2.19,0.0,7.813830698227203,
50,50,230,KOSPI,일동홀딩스,의약품 제조업,"의약품 제조,도매",1975-06-28,12월,박대창,http://www.ildong.com,서울특별시,2021-03-19,147017591506.0,-9202188744.0,4012748741.0,-12409206425.0,-28355772954.0,-6.26,2.73,-8.44,153493946625.0,-6236109287.0,4229191943.0,-5235240568.0,-5320560006.0,-4.06,2.76,-3.41,-4296.0,136863024439.0,-18378718629.0,7642846024.0,-35717397777.0,-36469422299.0,-13.43,5.58,-26.1,127364361714.0,-10393967410.0,6699167566.0,4967547545.0,-3171580733.0,-8.16,5.26,3.9,-12368.0,292221432211.0,-23796280588.0,14342013590.0,-22459311951.0,-1944.0,26463.0,27804.0,-6.21,-2.79,-16.23,-6.99,7.17,4.1000000000000005,7.419510937028797,-97.36340849618864
103,103,24900,KOSPI,덕양산업,자동차 신품 부품 제조업,"자동차부품(CRASH PAD,TRIM PANEL) 제조,판매",1997-06-23,12월,"윤성희, 손동인, 한상욱(각자대표이사)",http://www.duckyang.co.kr,울산광역시,2021-03-16,420782978657.0,5320970968.0,4855764784.0,-3064773007.0,0.0,1.26,1.15,-0.73,303118109790.0,1167377876.0,20439908491.0,1246222329.0,0.0,0.39,6.74,0.41,-376.0,395112653854.0,3816050481.0,3485725277.0,-3507589602.0,0.0,0.97,0.88,-0.89,333954805735.0,-3181862575.0,3637928353.0,-2967072445.0,0.0,-0.95,1.09,-0.89,-428.0,1359423500652.0,-8567696232.0,7123653630.0,-13739056988.0,-421.0,1713.0,1881.0,-2.39,-2.71,-21.95,-22.43,0.29,1.34,6.4969634742413405,
161,161,161390,KOSPI,한국타이어앤테크놀로지,고무제품 제조업,타이어 제조,2012-10-04,12월,이수일,http://www.hankooktire.com,경기도,2021-03-22,1766764062862.0,227446621380.0,597030905585.0,144076224441.0,0.0,12.87,33.79,8.15,1886129836480.0,224747243971.0,693819894727.0,139813258838.0,0.0,11.92,36.79,7.41,4652.0,1664974798515.0,117243829474.0,412220329103.0,29172442150.0,0.0,7.04,24.76,1.75,1835258553788.0,180386511884.0,348127065559.0,178707199592.0,0.0,9.83,18.97,9.74,940.0,6883268577435.0,543964831621.0,760347394662.0,419513114714.0,3387.0,59847.0,58030.0,5.41,4.13,7.77,5.84,5.829999999999999,2.09,6.113561865187773,
111,111,890,KOSPI,보해양조,알코올음료 제조업,"주류(소주,매취,실비우스,위스키) 제조,음료 도매",1988-09-23,12월,"임지선, 조영석",http://www.bohae.co.kr,전라남도,2021-03-19,19758811807.0,555514818.0,2657678346.0,1282400056.0,0.0,2.81,13.45,6.49,20549446239.0,600302015.0,5574349540.0,441699032.0,0.0,2.92,27.13,2.15,36.0,18642040195.0,-16498474683.0,1353576105.0,-21276205765.0,0.0,-88.5,7.26,-114.13,19644718723.0,216664131.0,3265241082.0,-215817776.0,0.0,1.1,16.62,-1.1,-620.0,76011205019.0,-15357710507.0,4618817187.0,-20194794974.0,-147.0,575.0,558.0,3.3,-12.38,6.26,-26.44,91.31,1.82,5.990608325689215,
93,93,4370,KOSPI,농심,기타 식품 제조업,"라면,스낵,유지 제조,도매,수출입",1976-06-30,12월,"신동원, 박 준",http://www.nongshim.com,서울특별시,2021-03-17,632619619536.0,26019033400.0,31391613508.0,34083207489.0,0.0,4.11,4.96,5.39,651477844181.0,29318064038.0,200100060149.0,29477121471.0,0.0,4.5,30.71,4.52,22412.0,597311782623.0,20440867482.0,40423496772.0,21145701396.0,0.0,3.42,6.77,3.54,589888811179.0,18567079860.0,122036043353.0,16157253318.0,0.0,3.15,20.69,2.74,13904.0,2343942951727.0,78816048821.0,162459540125.0,70995479988.0,11672.0,336863.0,319070.0,5.0,2.68,6.65,3.66,0.6900000000000004,1.35,5.911123460172045,
126,126,8490,KOSPI,서흥,기타 화학제품 제조업,"의약품(하드캅셀,건강보조식품,소프트캅셀),건강보조식품,인삼제품 제조,판매",1990-03-27,12월,양주환,http://www.suheung.com,충청북도,2021-03-18,121472083123.0,14660734870.0,8776802534.0,9489255667.0,0.0,12.07,7.23,7.81,144746575190.0,19880626165.0,37316678421.0,12304138349.0,0.0,13.73,25.78,8.5,3280.0,114761749781.0,8790458310.0,-7418667738.0,2236321130.0,0.0,7.66,-6.46,1.95,112774240160.0,12473168429.0,29534229517.0,8298039295.0,0.0,11.06,26.19,7.36,772.0,460728389318.0,47404022867.0,22115561779.0,31719135666.0,2741.0,32586.0,28438.0,4.95,4.47,10.07,9.64,4.41,2.67,5.847186327156337,
92,92,320,KOSPI,노루홀딩스,기타 금융업,지주사업,1973-08-10,12월,"한영재,김용기",http://www.norooholdings.co.kr,경기도,2021-03-18,225878497918.0,8290665360.0,21953810168.0,7013081410.0,0.0,3.67,9.72,3.1,212762758464.0,14702720794.0,28559444027.0,4479242415.0,0.0,6.91,13.42,2.11,2108.0,213578370417.0,-733594642.0,24529108274.0,-958276166.0,0.0,-0.34,11.48,-0.45,230757617475.0,11874139265.0,32889890472.0,1980407263.0,0.0,5.15,14.25,0.86,-288.0,884292309439.0,25013196740.0,57418998746.0,4574562377.0,344.0,43482.0,42692.0,2.67,0.45,4.85,0.81,4.01,1.7599999999999998,5.759069833234835,
110,110,7210,KOSPI,벽산,기타 비금속 광물제품 제조업,"단열재, 천장재, 외장재, 내장재, 외단열, 바닥재 등",1972-01-04,12월,김 성 식,http://www.byucksan.com,서울특별시,2021-03-19,123637944289.0,2484526344.0,-2587449644.0,-1661159648.0,0.0,2.01,-2.09,-1.34,108047922657.0,3043861892.0,25943909964.0,-366733418.0,0.0,2.82,24.01,-0.34,-96.0,116936063257.0,-377532075.0,-11002492001.0,-323020385.0,0.0,-0.32,-9.41,-0.28,106056371685.0,-2983008341.0,25900873744.0,-2694295401.0,0.0,-2.81,24.42,-2.54,-16.0,433534084326.0,-3811389985.0,14898381743.0,-2771048128.0,-40.0,4255.0,4251.0,-1.42,-0.6,-2.26,-0.95,2.33,5.63,5.731235382253912,
105,105,14820,KOSPI,동원시스템즈,플라스틱제품 제조업,포장용 플라스틱제품 제조 외,1994-03-29,12월,"조점근, 서범원",http://dongwonsystems.com/,경기도,2021-03-17,268017810879.0,22486699171.0,42908412801.0,10164780167.0,11932408544.0,8.39,16.01,3.79,285223935059.0,29566275967.0,90657085361.0,14377120302.0,17601394384.0,10.37,31.78,5.04,1392.0,253934688275.0,11605273005.0,34700318235.0,4255155422.0,21213809577.0,4.57,13.67,1.68,269825490139.0,16077619836.0,87978295718.0,7426626811.0,9514477799.0,5.96,32.61,2.75,580.0,1042352585053.0,75188119622.0,122678613953.0,38156632194.0,1307.0,21120.0,19657.0,3.24,3.3,6.59,6.65,3.82,4.409999999999999,5.545962507000462,
44,44,33920,KOSPI,무학,알코올음료 제조업,소주,2010-07-20,12월,"최재호, 이수능 (각자 대표이사)",http://www.muhak.co.kr,경상남도,2021-03-19,29079066527.0,544709657.0,-26302881865.0,20412436339.0,13195287166.0,1.87,-90.45,70.2,37481959677.0,542408354.0,34324409494.0,10004650010.0,0.0,1.45,91.58,26.69,2864.0,27556652879.0,-3129082152.0,5987747723.0,-69405884.0,13195287166.0,-11.36,21.73,-0.25,37381639588.0,-3953735141.0,-6340681358.0,-5587696910.0,0.0,-10.58,-16.96,-14.95,-8.0,166377917855.0,-13412289821.0,269724636.0,23699586348.0,831.0,18412.0,18066.0,13.63,3.79,15.55,4.6,13.23,12.03,5.524668234146028,
177,177,57050,KOSPI,현대홈쇼핑,무점포 소매업,TV홈쇼핑 도소매/홈쇼핑프로그램 제작,2010-09-13,12월,"정교선, 임대규(각자 대표이사)",http://www.hmall.com,서울특별시,2021-03-15,458144910418.0,44277663248.0,88876209867.0,557458456.0,0.0,9.66,19.4,0.12,574930503736.0,38618030723.0,142708456395.0,38666156598.0,0.0,6.72,24.82,6.73,184.0,434828441672.0,31029138487.0,66679711129.0,-25000930306.0,0.0,7.14,15.33,-5.75,535139503004.0,20259392280.0,-34236256599.0,26329487521.0,0.0,3.79,-6.4,4.92,-8332.0,2060366926971.0,130344227510.0,32443454530.0,83168959284.0,6931.0,149579.0,144095.0,0.08,3.32,0.12,4.81,2.5200000000000005,2.93,5.36222254835577,
130,130,35510,KOSPI,신세계 I&C,"컴퓨터 프로그래밍, 시스템 통합 및 관리업","IT시스템 개발, 운영 및 유지보수, IT 컨설팅, IT장비솔루션 총판, 아웃소싱, IDC, IT기기 및 휴대폰 유통, 전자상품권",2006-05-18,12월,손정현,http://www.shinsegae-inc.com,서울특별시,2021-03-17,135437878984.0,9505460405.0,5557499193.0,10132441343.0,0.0,7.02,4.1,7.48,115092982522.0,7176944909.0,31669417753.0,6951361556.0,0.0,6.24,27.52,6.04,23564.0,128574555977.0,6390235604.0,11613175493.0,5017273933.0,0.0,4.97,9.03,3.9,118384222333.0,3128259216.0,-13966918751.0,2655798997.0,0.0,2.64,-11.8,2.24,11668.0,456039720822.0,18494389551.0,-2353743258.0,10657452787.0,6196.0,122868.0,115836.0,14.29,3.68,19.18,5.35,2.05,3.6,5.338010273376128,
173,173,9830,KOSPI,한화솔루션,기초 화학물질 제조업,"합성수지,유화부문(LDPE,LLDPE)제품 제조,플라스틱가공품(PVC),CA,무기화학제품,부동산업",1974-06-19,12월,"이구영, 김희철, 류두형, 김동관, 김은수",http://hcc.hanwha.co.kr,서울특별시,2021-03-17,2561793452176.0,65380506662.0,590555654707.0,-94345657111.0,-94984727799.0,2.55,23.05,-3.68,2428432157957.0,233157467264.0,478986032388.0,190561326497.0,208251663733.0,9.6,19.72,7.85,-1960.0,2434461915287.0,46940510972.0,517775214012.0,-494431658400.0,41908194656.0,1.93,21.27,-20.31,2425750563296.0,171875978751.0,688342466057.0,113399870726.0,126052693516.0,7.09,28.38,4.67,-10276.0,9503286226445.0,378325667351.0,1206117680069.0,-237622602401.0,-1235.0,31018.0,30176.0,-2.49,-1.52,-6.32,-4.09,0.6199999999999999,2.51,5.230377032782164,
135,135,7310,KOSPI,오뚜기,기타 식품 제조업,"라면,마요네즈,카레,스프,당면,소오스,토마토케첩,마가린,냉동생지(바게트,크로와상),참치캔,식초,3분짜장 제조",1994-08-12,12월,"함영준, 황성만",http://www.ottogi.co.kr,경기도,2021-03-18,628147660393.0,28717042367.0,16458573757.0,12686146411.0,0.0,4.57,2.62,2.02,681299438420.0,59604065056.0,75507340094.0,9339872441.0,0.0,8.75,11.08,1.37,13816.0,598849022255.0,20948075227.0,29910714410.0,13294526137.0,0.0,3.5,4.99,2.22,597010979705.0,36600824758.0,149385845401.0,28687462840.0,0.0,6.13,25.02,4.81,14480.0,2359651224603.0,148278491049.0,186342383791.0,96838777227.0,26373.0,392696.0,366703.0,2.17,4.5,3.52,7.19,1.0700000000000005,2.62,4.892491604590806,
176,176,79430,KOSPI,현대리바트,가구 제조업,"일반목재가구(책상,침실가구),주방가구,목창호,사무용가구,선실가구 제조",2005-11-22,12월,윤기철,http://www.hyundailivart.co.kr,경기도,2021-03-19,340411699433.0,3433783514.0,39007446174.0,1941478094.0,0.0,1.01,11.46,0.57,321962091381.0,8896402309.0,66407862628.0,6768572830.0,0.0,2.76,20.63,2.1,376.0,325169273519.0,1146397933.0,29489470953.0,229917703.0,0.0,0.35,9.07,0.07,299006045745.0,6887363609.0,66155486244.0,5713842350.0,0.0,2.3,22.13,1.91,44.0,1237572970655.0,23882506358.0,95644957197.0,19465668792.0,948.0,23446.0,22321.0,0.96,2.59,1.6,4.25,0.66,0.4599999999999999,4.687535740706869,
79,79,6260,KOSPI,LS,기타 금융업,"전력용전선,일반전선,통신케이블,동선,알루미늄선,공조기,프라스틱사출성형기 제조,도매",1977-06-30,12월,이광우,http://www.lsholdings.co.kr,서울특별시,2021-03-19,2793653000000.0,107829000000.0,253220000000.0,55096000000.0,77362000000.0,3.86,9.06,1.97,2569844000000.0,123778000000.0,448084000000.0,47830000000.0,62264000000.0,4.82,17.44,1.86,6844.0,2669556000000.0,30284000000.0,140064000000.0,-74087000000.0,37765000000.0,1.13,5.25,-2.78,2488659000000.0,98328000000.0,163663000000.0,6666000000.0,28646000000.0,3.95,6.58,0.27,-9200.0,10176243000000.0,351981000000.0,303727000000.0,25331000000.0,786.0,138160.0,132658.0,1.89,0.24,4.95,0.59,2.73,0.8700000000000001,4.648600741097021,
163,163,53690,KOSPI,한미글로벌,"건축기술, 엔지니어링 및 관련 기술 서비스업","건축 설계,감리/건축공사,토목공사,설비공사,전기공사,안전공사",2009-06-23,12월,"윤요현, 박서영",http://www.hanmiparsons.com,서울특별시,2021-03-17,56873653264.0,3908016425.0,-3638787843.0,2559628222.0,0.0,6.87,-6.4,4.5,71367112025.0,5875937764.0,29298821310.0,3110128940.0,0.0,8.23,41.05,4.36,932.0,54838878184.0,1637963083.0,-14350906935.0,672530766.0,0.0,2.99,-26.17,1.23,51782038685.0,2354893218.0,36639897668.0,2273572135.0,0.0,4.55,70.76,4.39,244.0,294657921603.0,24407031088.0,22288990733.0,22336893275.0,2040.0,11763.0,11336.0,4.67,10.97,7.92,18.0,3.88,3.6800000000000006,3.710460803324153,
182,182,79980,KOSPI,휴비스,화학섬유 제조업,"합성섬유(폴리에스테르원사,원면),재생섬유,폴리에스텔 원사,원면,고상칩 제조,도소매",2012-02-23,12월,신유동,http://www.huvis.com,서울특별시,2021-03-22,237743330413.0,7648701636.0,15001899687.0,54152658540.0,82630762974.0,3.22,6.31,22.78,258683765331.0,10853790860.0,74343052477.0,11590341450.0,0.0,4.2,28.74,4.48,6276.0,229788878753.0,-2020882424.0,30268098319.0,-1357268904.0,82630762974.0,-0.88,13.17,-0.59,247689301680.0,3746812695.0,-41922323670.0,1808337174.0,0.0,1.51,-16.93,0.73,-156.0,1029346443478.0,4867302957.0,-11654225351.0,-281576825.0,-8.0,13790.0,11481.0,24.81,-0.03,45.51,-0.07,4.1000000000000005,2.6900000000000004,3.4616347419277145,
45,45,70,KOSPI,삼양홀딩스,기타 금융업,"지주회사,경영자문컨설팅",1968-12-27,12월,"엄태웅, 윤재엽",http://www.samyang.com,서울특별시,2021-03-18,649353000000.0,40627000000.0,108089000000.0,38556000000.0,0.0,6.26,16.65,5.94,645078000000.0,63411000000.0,137399000000.0,26044000000.0,0.0,9.83,21.3,4.04,18004.0,627979000000.0,-16736000000.0,42449000000.0,-21250000000.0,0.0,-2.67,6.76,-3.38,644454000000.0,37227000000.0,137825000000.0,14298000000.0,0.0,5.78,21.39,2.22,-9920.0,2488563000000.0,79376000000.0,218938000000.0,30873000000.0,3604.0,251689.0,236945.0,3.96,0.86,7.15,1.52,8.93,4.05,3.403616999931526,
156,156,4090,KOSPI,한국석유,기타 비금속 광물제품 제조업,"석유류제품(솔벤트,부로운아스팔트,방수시트몰터프라스,메타놀,빙초산) 제조,도소매/부동산 임대",1977-06-25,12월,"강승모, 김병집(각자대표이사)",http://www.koreapetroleum.com,서울특별시,2021-03-18,131963529827.0,4632128981.0,-18174278.0,2408214416.0,0.0,3.51,-0.01,1.82,119988886285.0,4732197137.0,17107538391.0,1945153959.0,0.0,3.94,14.26,1.62,756.0,127732328562.0,-219308258.0,7306931110.0,-10724779313.0,0.0,-0.17,5.72,-8.4,120424809057.0,1933440952.0,14186065540.0,674824048.0,0.0,1.61,11.78,0.56,-3376.0,485386596735.0,6141381489.0,21492996650.0,-7591045110.0,-597.0,11344.0,10926.0,3.03,-2.59,6.66,-5.47,3.68,2.33,3.3125531434637687,
115,115,5930,KOSPI,삼성전자,통신 및 방송 장비 제조업,"IMT2000 서비스용 동기식 기지국,교환국장비,데이터단말기,동영상휴대폰,핵심칩,반도체제품,사무,계산 및 회계용기계",1975-06-11,12월,"김기남, 김현석, 고동진",http://www.sec.co.kr,경기도,2021-03-09,61551508000000.0,9047001000000.0,24514584000000.0,6445469000000.0,6607130000000.0,14.7,39.83,10.47,66964160000000.0,12353238000000.0,40772425000000.0,9266814000000.0,9360693000000.0,18.45,60.89,13.84,4248.0,59884760000000.0,7160270000000.0,19717140000000.0,5227995000000.0,9896007000000.0,11.96,32.93,8.73,62003471000000.0,7777892000000.0,25665775000000.0,6105039000000.0,6287664000000.0,12.54,41.39,9.85,3444.0,230400881000000.0,27768509000000.0,45382915000000.0,21505054000000.0,3544.0,45486.0,43332.0,6.81,6.1,9.34,8.18,2.7399999999999984,5.91,2.783259046208084,
122,122,75180,KOSPI,새론오토모티브,자동차 신품 부품 제조업,"자동차부품(브레이크패드,라이닝)",2005-10-21,12월,"정경호, 이시이 야스지",http://www.saeronauto.co.kr,충청남도,2021-03-18,41051653608.0,2946371560.0,1568103639.0,1502970382.0,0.0,7.18,3.82,3.66,38084445372.0,333574357.0,13524962727.0,4599712158.0,0.0,0.88,35.51,12.08,312.0,40286810359.0,1273747987.0,364427287.0,-9139244287.0,0.0,3.16,0.9,-22.69,37407316089.0,-1018638464.0,15788913029.0,331733140.0,0.0,-2.72,42.21,0.89,-1904.0,152727147693.0,-3822325306.0,16153340316.0,-6049312811.0,-315.0,11349.0,11092.0,2.41,-2.37,2.75,-2.84,4.02,3.6,1.898495418685176,
113,113,8040,KOSPI,사조동아원,"곡물가공품, 전분 및 전분제품 제조업","제분, 배합사료 제조",1989-06-24,12월,"이인우, 노동환",http://www.dongaone.com,서울특별시,2021-03-18,94691360801.0,3081330668.0,14805974519.0,3840607464.0,3844221819.0,3.25,15.64,4.06,106355524750.0,3810222751.0,14441956401.0,4664825335.0,4695325491.0,3.58,13.58,4.39,108.0,93300219169.0,1746803886.0,-3291944618.0,1782637905.0,10346970036.0,1.87,-3.53,1.91,111991075175.0,2142452974.0,-833613895.0,-6874552397.0,-6874552397.0,1.91,-0.74,-6.14,48.0,412225993901.0,12454479690.0,-4125558513.0,1051806385.0,7.0,1471.0,1395.0,3.41,0.23,7.34,0.53,1.38,1.6700000000000002,1.4910379036518082,
104,104,1230,KOSPI,동국제강,1차 철강 제조업,"후판,철근,강판,형강,앵글,찬넬,평철 제조,판매",1988-05-09,12월,"장세욱, 김연극",http://www.dongkuk.co.kr,서울특별시,2021-03-18,1378375463813.0,53048327394.0,309726817787.0,86592187158.0,0.0,3.85,22.47,6.28,1297539663426.0,85679817473.0,321842826301.0,36538148832.0,0.0,6.6,24.8,2.82,3628.0,1358252932022.0,-19654788193.0,124549583032.0,-32872241957.0,0.0,-1.45,9.17,-2.42,1430378304044.0,56704846047.0,88926961014.0,-60147599030.0,0.0,3.96,6.22,-4.21,-1376.0,5658431459389.0,164555175276.0,213476544046.0,-68508780730.0,-717.0,22388.0,20385.0,6.39,-1.26,16.21,-3.52,5.3,2.64,1.4815010751380486,
101,101,1790,KOSPI,대한제당,"곡물가공품, 전분 및 전분제품 제조업","제당,가축용 배합사료,설탕,기능성감미료(자일로올리고당),외식산 제조,도소매/부동산 임대",1968-12-27,12월,김기영,http://www.ts.co.kr,인천광역시,2021-03-18,303550471000.0,17045310000.0,47650041000.0,8745229000.0,8709951000.0,5.62,15.7,2.88,312666031000.0,15499686000.0,17107932000.0,9415148000.0,9417450000.0,4.96,5.47,3.01,388.0,299324318000.0,7689492000.0,22616610000.0,7590936000.0,18433689000.0,2.57,7.56,2.54,316837683000.0,10840656000.0,-14106900000.0,3308694000.0,3363837000.0,3.42,-4.45,1.04,336.0,1204394671000.0,29481279000.0,8509710000.0,14739632000.0,164.0,5334.0,5176.0,3.04,1.29,7.27,3.17,3.0500000000000003,1.54,1.4118976460843389,
139,139,6490,KOSPI,인스코비,전기 통신업,"시계,스마트그리드,도소매,소프트웨어개발",1985-01-17,12월,"유인수, 구자갑 (각자 대표이사)",http://www.inscobee.com,서울특별시,2021-03-22,17047797732.0,228729423.0,258394718.0,1135354470.0,0.0,1.34,1.52,6.66,15923043031.0,535896837.0,-1105226132.0,1688149786.0,0.0,3.37,-6.94,10.6,40.0,16929729496.0,-1246263302.0,1955549783.0,-27838198593.0,0.0,-7.36,11.55,-164.43,12894253618.0,33087016.0,12574027990.0,-495683467.0,0.0,0.26,97.52,-3.84,-1020.0,75277435088.0,4731237896.0,14529577773.0,-24905320009.0,-228.0,332.0,236.0,6.28,-49.1,12.01,-96.91,8.700000000000001,3.1100000000000003,0.69740178676745,
69,69,32560,KOSPI,황금에스티,1차 비철금속 제조업,"스테인레스 냉연, 열연",2009-10-29,12월,김종현,http://www.hwangkum.com,경기도,2021-03-18,62820321766.0,7981552147.0,-6729814188.0,6147809906.0,0.0,12.71,-10.71,9.79,62383932569.0,7355168691.0,-7377836073.0,3363789857.0,0.0,11.79,-11.83,5.39,1536.0,62722891537.0,3710798484.0,17138279746.0,-2281629574.0,0.0,5.92,27.32,-3.64,57646553655.0,4465532266.0,14584826682.0,15157814229.0,0.0,7.75,25.3,26.29,-568.0,243584029426.0,18780395426.0,31723106428.0,24084561752.0,1505.0,19311.0,18117.0,5.33,6.03,7.95,8.31,6.790000000000001,4.039999999999999,0.155334402819306,
116,116,145990,KOSPI,삼양사,기타 식품 제조업,설탕,2011-12-05,12월,"송자량, 강호성",http://www.samyangcorp.com,서울특별시,2021-03-17,521764000000.0,9188000000.0,75557000000.0,-5655000000.0,0.0,1.76,14.48,-1.08,540815000000.0,48501000000.0,123983000000.0,23715000000.0,0.0,8.97,22.93,4.39,-2192.0,521745000000.0,6323000000.0,28578000000.0,-2161000000.0,0.0,1.21,5.48,-0.41,552428000000.0,33306000000.0,100015000000.0,12669000000.0,0.0,6.03,18.1,2.29,-836.0,2096387000000.0,81564000000.0,167277000000.0,33824000000.0,3279.0,131182.0,125509.0,-0.88,1.42,-1.67,2.61,0.55,2.9400000000000004,0.0036416256983775,
125,125,21050,KOSPI,서원,금속 주조업,"비철금속(황동 빌레트,인코트) 제조,재생원료생산",1996-01-30,12월,"조시영, 조경호",http://www.swbrass.co.kr,경기도,2021-03-15,69295454149.0,3989849911.0,-8999101600.0,-5832304074.0,0.0,5.76,-12.99,-8.42,60402532836.0,2172882304.0,1823253947.0,230065559.0,0.0,3.6,3.02,0.38,-488.0,69465706196.0,1475409686.0,3104007979.0,-1308428617.0,0.0,2.12,4.47,-1.88,57657627905.0,758439541.0,-1280244946.0,1231625344.0,0.0,1.32,-2.22,2.14,-108.0,257673136367.0,7969509597.0,1823763033.0,3105834398.0,65.0,2223.0,2267.0,-10.25,1.4,-21.95,2.88,3.64,2.28,-0.2450879093053883,
67,67,9460,KOSPI,한창제지,"펄프, 종이 및 판지 제조업","마닐라판지,고급백판지(ALL PULP) 제조,판매,수출입",1987-12-23,12월,김길수,http://www.hcpaper.co.kr,경상남도,2021-03-17,40926538243.0,4669775488.0,12089020724.0,1759923885.0,0.0,11.41,29.54,4.3,45606482583.0,5785459901.0,8666004982.0,3916115278.0,0.0,12.69,19.0,8.59,116.0,41194218220.0,2502846409.0,4205811921.0,614384639.0,0.0,6.08,10.21,1.49,45359173102.0,3345610233.0,6204604438.0,2904834328.0,0.0,7.38,13.68,6.4,40.0,181407722252.0,10850046779.0,10410416359.0,7375908389.0,123.0,1587.0,1440.0,3.82,4.29,7.31,8.58,5.33,5.31,-0.6497998713568013,
95,95,128820,KOSPI,대성산업,연료 소매업,"주요소운영,기계판매 등",2010-07-30,12월,"김영대,이은우(공동대표)",http://www.daesung.co.kr,서울특별시,2021-03-18,251511694779.0,3491157959.0,54525782886.0,51209099618.0,51107715577.0,1.39,21.68,20.36,209863855752.0,2392531732.0,-28306410725.0,-5401042398.0,-5489315686.0,1.14,-13.49,-2.57,4528.0,254444591291.0,-6719182176.0,-21699604227.0,-60650711654.0,50495903873.0,-2.64,-8.53,-23.84,213084045301.0,-2036114560.0,-1785818665.0,-8727259701.0,-8824627948.0,-0.96,-0.84,-4.1,-5360.0,869910393675.0,-9673570258.0,-23485422892.0,-62859399165.0,-1389.0,10744.0,8562.0,18.59,-6.09,42.14,-16.23,4.03,2.1,-1.1526660862072489,
109,109,8420,KOSPI,문배철강,1차 철강 제조업,"철강재중 판재류(후판,박판,무늬강판) 제조,도매",1994-11-05,12월,배종민,http://www.moonbaesteel.co.kr,서울특별시,2021-03-12,39565658898.0,1173125772.0,-6030614157.0,3227474923.0,0.0,2.97,-15.24,8.16,38105256620.0,832782715.0,8817742719.0,2462509260.0,0.0,2.19,23.14,6.46,628.0,40189864414.0,449784840.0,3448701851.0,-546070081.0,0.0,1.12,8.58,-1.36,41904758578.0,612120705.0,971470416.0,550996453.0,0.0,1.46,2.32,1.31,-104.0,162552515072.0,2600636327.0,4420172267.0,2371990069.0,115.0,5807.0,5430.0,6.86,1.21,10.81,2.13,1.85,0.73,-1.55314163185522,
61,61,15760,KOSPI,한국전력,전기업,"전력자원개발,발전,송전,전력용기자재확보",1989-08-10,12월,정승일,http://www.kepco.co.kr,전라남도,2021-03-17,14692277000000.0,933706000000.0,2896505000000.0,565815000000.0,0.0,6.36,19.71,3.85,15711377000000.0,2332205000000.0,10311968000000.0,1236341000000.0,0.0,14.84,65.63,7.87,3524.0,14941227000000.0,-1587247000000.0,981657000000.0,-1332962000000.0,0.0,-10.62,6.57,-8.92,15912285000000.0,1239266000000.0,7231771000000.0,222789000000.0,0.0,7.79,45.45,1.4,-8304.0,59172890000000.0,-1276521000000.0,8213428000000.0,-2345517000000.0,-3653.0,110067.0,107299.0,1.11,-1.19,3.2,-3.4,16.98,7.05,-1.666195152513244,
120,120,1820,KOSPI,삼화콘덴서,전자부품 제조업,콘덴서(축전기) 제조,1976-06-26,12월,"오영주, 박진",http://www.samwha.com,경기도,2021-03-18,60324171137.0,3624224975.0,8878071591.0,1897111670.0,0.0,6.01,14.72,3.14,65408324366.0,9056304719.0,23242119755.0,7453901094.0,0.0,13.85,35.53,11.4,728.0,61525062598.0,1311467778.0,9367609702.0,-253617045.0,0.0,2.13,15.23,-0.41,60944208129.0,6604982883.0,16694312590.0,5432442611.0,0.0,10.84,27.39,8.91,-96.0,254537566886.0,37278333214.0,26061922292.0,29647853012.0,2852.0,16817.0,14804.0,3.22,13.8,4.33,19.26,3.88,3.01,-1.9518736109974109,
96,96,3090,KOSPI,대웅,기타 금융업,"지주회사/의약품,화공약품,농예약품,위생용품,의료용구,식품,전기전자기구,부품 제조,판매",1973-06-26,12월,윤재춘,http://www.daewoong.com/,경기도,2021-03-18,344889644008.0,27481799141.0,27221126329.0,57207136814.0,0.0,7.97,7.89,16.59,353143602624.0,27082718253.0,118144686310.0,15260218762.0,0.0,7.67,33.46,4.32,3932.0,352281742931.0,18410678760.0,-10908873549.0,8359464933.0,0.0,5.23,-3.1,2.37,334371182407.0,21273760210.0,147529066775.0,11297991920.0,0.0,6.36,44.12,3.38,572.0,1365679369330.0,107543717917.0,138512224902.0,62439349480.0,1073.0,19209.0,17649.0,12.44,3.74,20.47,6.08,2.7399999999999998,1.3099999999999996,-2.0983485722244373,
90,90,9290,KOSPI,광동제약,의약품 제조업,"의약품,식음료 제조,도매",1989-11-17,12월,최성원,http://www.ekdp.com,서울특별시,2021-03-18,304643736929.0,8418588116.0,10698218776.0,-6790091488.0,0.0,2.76,3.51,-2.23,315872683132.0,13496040575.0,12130484518.0,30515253044.0,0.0,4.27,3.84,9.66,-516.0,317261899665.0,6691879508.0,20471197151.0,2461139144.0,0.0,2.11,6.45,0.78,303548434418.0,8548756433.0,8814090423.0,4097185794.0,0.0,2.82,2.9,1.35,184.0,1238254695797.0,41803237663.0,29285287574.0,23058315921.0,439.0,9581.0,8537.0,-3.26,2.91,-5.39,5.15,0.6499999999999999,1.4499999999999995,-3.977207080120129,
66,66,3300,KOSPI,한일홀딩스,"시멘트, 석회, 플라스터 및 그 제품 제조업",지주사업,1969-11-20,12월,"허기호, 전근식(각자대표)",http://www.hanil.com,서울특별시,2021-03-17,415469903623.0,61002224121.0,95469224643.0,21094798905.0,108496278913.0,14.68,22.98,5.08,359289871116.0,41311278389.0,155254389993.0,15302945936.0,0.0,11.5,43.21,4.26,2928.0,433030484695.0,17930782104.0,22950107979.0,658712313.0,108496278913.0,4.14,5.3,0.15,402425627770.0,17551328897.0,102236587943.0,1054327518.0,0.0,4.36,25.41,0.26,88.0,1651806631552.0,83622939392.0,125186695922.0,13809985436.0,479.0,63276.0,60467.0,2.54,0.42,4.63,0.79,10.54,7.14,-4.055275943070981,
180,180,4800,KOSPI,효성,기타 금융업,"스판덱스,합성원사,나일론,폴리에스터,타이어코드지,PET병,수지제품,중전기제품(변압기,차단기),사무용기계,컴퓨터 제조/건축공사",1973-06-30,12월,"Hyun-Joon Cho, Kyoo-Young Kim",http://www.hyosung.com,서울특별시,2021-03-11,819935225677.0,78790502285.0,64166100209.0,45540135528.0,49195492271.0,9.61,7.83,5.55,719453183108.0,45386181858.0,214028115893.0,-78145113367.0,24342591768.0,6.31,29.75,-10.86,8644.0,854725004361.0,49619818550.0,82601849312.0,44180341477.0,5178868431.0,5.81,9.66,5.17,739948141765.0,21490442966.0,58232129067.0,-5200558535.0,-8142524004.0,2.9,7.87,-0.7,8384.0,3373447404431.0,236828089086.0,140833978379.0,150009464862.0,7118.0,119319.0,128617.0,4.11,2.3,7.24,5.53,3.8,3.41,-4.070289099592816,
152,152,17810,KOSPI,풀무원,기타 식품 제조업,"두부류,생면류,나물류,냉동류,조미류,김치류,묵류,녹즙,과채음료,건강보조식품 판매,제조,생식품 수출",1995-10-05,12월,이효율,http://www.pulmuone.co.kr,충청북도,2021-03-17,580089951713.0,9157213920.0,23466664563.0,-9495332946.0,0.0,1.58,4.05,-1.64,603320489556.0,17560288879.0,80494317855.0,11541270659.0,0.0,2.91,13.34,1.91,-900.0,608243284005.0,7042026016.0,3905205228.0,-8712783562.0,0.0,1.16,0.64,-1.43,626805769625.0,11244331462.0,81505171495.0,8925084885.0,0.0,1.79,13.0,1.42,-824.0,2381451203138.0,30570664872.0,85410376723.0,3491546701.0,82.0,12167.0,10985.0,-2.24,0.24,-7.4,0.75,0.4200000000000001,1.12,-4.6286301932712455,
141,141,13360,KOSPI,일성건설,토목 건설업,"건축공사,토목공사,전기공사",1989-12-02,12월,유필상,http://www.ilsungconst.co.kr,인천광역시,2021-03-19,99936066212.0,4172792225.0,33333161147.0,279033703.0,0.0,4.18,33.35,0.28,77943051472.0,2053613967.0,-2613581952.0,671267631.0,0.0,2.63,-3.35,0.86,20.0,105287534853.0,2072528427.0,-10412968834.0,-541678245.0,0.0,1.97,-9.89,-0.51,79948489424.0,1440928914.0,-24382694832.0,715186828.0,0.0,1.8,-30.5,0.89,-40.0,375818803491.0,7401576806.0,-34795663666.0,1856171817.0,34.0,1671.0,1686.0,0.36,0.53,1.2,2.04,2.21,0.8299999999999998,-5.082718147472629,
157,157,2960,KOSPI,한국쉘석유,석유 정제품 제조업,"윤활유,그리스 제조,도매",1988-08-10,12월,라머스 예룬 피터,http://www.shell.co.kr,부산광역시,2021-03-18,49954843582.0,6235719733.0,16559148951.0,1632250409.0,0.0,12.48,33.15,3.27,48844516807.0,8661405210.0,25939119283.0,6929161233.0,0.0,17.73,53.11,14.19,5020.0,52641683402.0,5140546025.0,10747394229.0,4446138704.0,0.0,9.77,20.42,8.45,52308931405.0,6642561356.0,15062556067.0,5277821657.0,0.0,12.7,28.8,10.09,13680.0,211845124856.0,25674570820.0,25809950296.0,21026586664.0,16175.0,75479.0,75328.0,4.39,14.9,6.65,21.47,2.710000000000001,5.030000000000001,-5.104015765380937,
89,89,2240,KOSPI,고려제강,1차 철강 제조업,"PC강선,선재 2차제품,와이어로프,비드와이어,SC(Surpass Coat) Stand,각종선재 제조,도매",1976-05-25,12월,"이이문, 주종대 (각자대표)",http://www.kiswire.com,부산광역시,2021-03-18,373674355974.0,19181666294.0,65008555249.0,20220613813.0,0.0,5.13,17.4,5.41,365989070829.0,6709505494.0,114486641572.0,1398039423.0,0.0,1.83,31.28,0.38,3516.0,397391890916.0,-9890335337.0,44391416340.0,-23765478738.0,0.0,-2.49,11.17,-5.98,403216326849.0,4963905277.0,37364264851.0,5394448811.0,0.0,1.23,9.27,1.34,-4132.0,1639715935474.0,31651436724.0,81755681191.0,9981078075.0,433.0,63610.0,64433.0,3.6,0.42,5.53,0.67,7.62,0.6000000000000001,-5.968298670446039,
86,86,13580,KOSPI,계룡건설,토목 건설업,"건축공사,주택공사,토목공사,포장공사,전기공사",1996-01-30,12월,"한승구, 이승찬",http://www.krcon.co.kr,대전광역시,2021-03-15,620509234906.0,55625074847.0,62725159544.0,22743936371.0,0.0,8.96,10.11,3.67,554406528885.0,50777739987.0,131039122395.0,33352936186.0,0.0,9.16,23.64,6.02,10188.0,664693501557.0,40070919295.0,39425717047.0,18644647982.0,0.0,6.03,5.93,2.8,527030541488.0,29827747117.0,-25834516641.0,18015900122.0,0.0,5.66,-4.9,3.42,8352.0,2275710115224.0,135902911302.0,13591200406.0,71563468031.0,8016.0,67885.0,56309.0,4.39,3.57,15.01,14.24,2.9300000000000006,3.5,-6.647314370834274,
166,166,3680,KOSPI,한성기업,수산물 가공 및 저장 처리업,"냉동식품,햄제품 제조,도매,보관/원양어업",1989-01-26,12월,"임우근,임준호(각자대표)",http://www.hsep.com,부산광역시,2021-03-17,60646650544.0,361119190.0,3109071416.0,-1175489007.0,0.0,0.6,5.13,-1.94,75581565236.0,1061740483.0,26074424343.0,-140893804.0,0.0,1.4,34.5,-0.19,-756.0,65038272999.0,-11258732660.0,-3901782448.0,-17449677211.0,0.0,-17.31,-6.0,-26.83,67659294902.0,439490022.0,-1502386526.0,-348508276.0,0.0,0.65,-2.22,-0.52,-11240.0,270094562897.0,-8254571732.0,-5404168974.0,-17371195375.0,-2797.0,8130.0,8031.0,-2.4,-7.44,-9.3,-34.84,17.91,0.7499999999999999,-6.752366341381057,
65,65,6390,KOSPI,한일현대시멘트,"시멘트, 석회, 플라스터 및 그 제품 제조업","시멘트,시멘트반제품 제조,판매/콘도미니엄,스키장,종합레저관광산업,체육진흥사업,사업서비스",1975-12-26,12월,전근식,http://WWW.HANILHDCEMENT.COM,서울특별시,2021-03-16,91613072608.0,18045209789.0,22435857748.0,25617701169.0,0.0,19.7,24.49,27.96,74432783970.0,17938893331.0,42219801125.0,14163944595.0,0.0,24.1,56.72,19.03,5764.0,98553969295.0,5614680721.0,17128519670.0,13928742010.0,0.0,5.7,17.38,14.13,91324155393.0,12970265631.0,23736995281.0,9221742132.0,0.0,14.2,25.99,10.1,3132.0,384112775417.0,35223407456.0,40865514951.0,41318305873.0,2324.0,14396.0,11512.0,18.2,7.38,40.04,20.19,14.0,9.900000000000002,-7.04273682394661,
107,107,23530,KOSPI,롯데쇼핑,종합 소매업,"백화점(의류,식품 및 잡화),할인점 운영/전자상거래",2006-02-09,12월,강성현,http://www.lotteshoppingir.com/,서울특별시,2021-03-15,3955893206736.0,181501916949.0,463111976760.0,-453481366583.0,-455976974211.0,4.59,11.71,-11.46,4105923662220.0,111044709776.0,1026827468762.0,-21820944136.0,1424953046.0,2.7,25.01,-0.53,-64124.0,4314006936979.0,43551272416.0,595127079803.0,-995512648064.0,-832030393937.0,1.01,13.8,-23.08,4404712292894.0,87595987152.0,1041657931840.0,-40541770294.0,-30636816745.0,1.99,23.65,-0.92,-140772.0,17622000488403.0,427910873611.0,1636785011643.0,-896325552796.0,-31687.0,392015.0,416841.0,-5.53,-2.64,-16.36,-7.6,3.58,0.7100000000000002,-8.301185776344134,
97,97,6340,KOSPI,대원전선,절연선 및 케이블 제조업,"전선,통신케이블,무선통신장비,합성수지 제조,도매/부동산 매매,임대",1988-05-04,12월,서명환,http://www.daewoncable.co.kr,충청남도,2021-03-18,106796358658.0,2016029113.0,-16221183439.0,740142107.0,0.0,1.89,-15.19,0.69,90245887450.0,443553728.0,24371375024.0,-5117941.0,0.0,0.49,27.01,-0.01,40.0,116926878628.0,-666650759.0,-674093006.0,-1839139346.0,0.0,-0.57,-0.58,-1.57,98545147354.0,338802842.0,4798839113.0,243471334.0,0.0,0.34,4.87,0.25,-100.0,401312380985.0,1003800278.0,4124746107.0,-817858226.0,-11.0,1202.0,1131.0,1.48,-0.43,3.33,-1.02,2.46,0.1499999999999999,-8.663978795012566,
41,41,6650,KOSPI,대한유화,기초 화학물질 제조업,"폴리프로필렌,고밀도폴리에틸렌,나프타분해유분,올레핀류,혼합C4류,분해가솔린 제조",1999-08-11,12월,강길순,http://www.kpic.co.kr,서울특별시,2021-03-11,512546513103.0,80408149820.0,104410701759.0,49136153831.0,0.0,15.69,20.37,9.59,434675565015.0,63113855506.0,198793068555.0,54224077272.0,0.0,14.52,45.73,12.47,30240.0,566279202247.0,11829731233.0,53966445163.0,10686805433.0,0.0,2.09,9.53,1.89,587000062232.0,60803409623.0,176374090597.0,49308342360.0,0.0,10.36,30.05,8.4,6576.0,2074296474936.0,113849235921.0,230340535760.0,106342325026.0,16362.0,291444.0,273671.0,9.24,5.25,10.38,5.98,13.6,4.16,-9.488727279898026,
149,149,14580,KOSPI,태경비케이,"시멘트, 석회, 플라스터 및 그 제품 제조업","생석회,소석회,석회비료 제조,판매/비금속광물 광업/산업폐기물 재생처리/휴게소 운영",1991-03-07,12월,김민정,http://www.bkmp.co.kr,서울특별시,2021-03-19,41151176499.0,3238310047.0,5841532434.0,1527262513.0,0.0,7.87,14.2,3.71,40108416064.0,2449092625.0,18198453930.0,262696419.0,0.0,6.11,45.37,0.65,220.0,45509110658.0,419876486.0,26638776471.0,1157748401.0,0.0,0.92,58.54,2.54,45276044710.0,1668700333.0,21113071599.0,1645930892.0,0.0,3.69,46.63,3.64,164.0,186439232760.0,3869512949.0,47751848070.0,4072254457.0,147.0,7567.0,7353.0,2.05,1.35,2.91,2.01,6.95,2.4200000000000004,-9.57595983747031,
51,51,71320,KOSPI,지역난방공사,"증기, 냉·온수 및 공기조절 공급업","집단에너지공급 및 전기,증기 생산,판매",2010-01-29,12월,황창화,http://www.kdhc.co.kr,경기도,2021-03-22,608475301606.0,65112871151.0,67325714406.0,16398524972.0,16398524972.0,10.7,11.06,2.7,289475415503.0,-12977463152.0,314574051487.0,-22576541269.0,-22576541269.0,-4.48,108.67,-7.8,5664.0,679771242581.0,34907665240.0,-65260978133.0,4531001465.0,58047243303.0,5.14,-9.6,0.67,363135503818.0,-32887168535.0,254043998922.0,-43556857471.0,-43556857471.0,-9.06,69.96,-11.99,1564.0,2367906314930.0,42213059502.0,188783020789.0,-25579850538.0,-2209.0,155771.0,132079.0,1.08,-0.43,3.64,-1.67,5.56,4.58,-10.488225524854348,
168,168,11700,KOSPI,한신기계,일반 목적용 기계 제조업,"공기압축기,공구류 제조,판매/오파",1987-07-24,12월,최영민,http://www.hanshin.co.kr,경기도,2021-03-22,16215924767.0,1399605700.0,2024723573.0,767749543.0,0.0,8.63,12.49,4.73,12346295505.0,808718164.0,4031083933.0,717945541.0,0.0,6.55,32.65,5.82,92.0,18283588438.0,864268587.0,894779913.0,163899433.0,0.0,4.73,4.89,0.9,12083094357.0,499861062.0,936213169.0,502711591.0,0.0,4.14,7.75,4.16,20.0,52754945336.0,2169590631.0,258754435.0,1615228822.0,49.0,2537.0,2496.0,3.13,1.72,3.62,1.99,3.9,2.41,-11.308850437163835,
57,57,5690,KOSPI,파미셀,기초 의약물질 및 생물학적 제제 제조업,"줄기세포치료제,화장품",1988-05-20,12월,김현수,http://www.pharmicell.com,서울특별시,2021-03-16,8971947515.0,1340048606.0,48177533.0,686083381.0,0.0,14.94,0.54,7.65,7878121058.0,1244958203.0,8929877000.0,722705789.0,0.0,15.8,113.35,9.17,44.0,10132912185.0,460826984.0,865565247.0,2355859843.0,0.0,4.55,8.54,23.25,5411498035.0,-272694484.0,-941064125.0,-102544653.0,0.0,-5.04,-17.39,-1.89,156.0,32481967123.0,1963584726.0,-75498878.0,4347128284.0,72.0,952.0,858.0,3.78,6.87,4.62,8.44,10.39,20.84,-11.457364366767184,
62,62,25890,KOSPI,한국주강,특수 목적용 기계 제조업,"주강,주물 제조,도매",1997-07-18,12월,하만규,http://www.hascokorea.co.kr,경상남도,2021-03-22,8684219337.0,-182412127.0,1804742869.0,-492125976.0,0.0,-2.1,20.78,-5.67,8012330327.0,130295157.0,-2271518945.0,-294158288.0,0.0,1.63,-28.35,-3.67,-172.0,10220500587.0,-1362339311.0,-135027834.0,-9742455221.0,0.0,-13.33,-1.32,-95.32,9283336556.0,-1207690072.0,442186155.0,-1313147070.0,0.0,-13.01,4.76,-14.15,-3444.0,36271401954.0,-4903330005.0,307158321.0,-13564455582.0,-1199.0,2654.0,2848.0,-4.19,-27.96,-6.48,-42.11,11.23,14.64,-15.031369911118423,-58.94994896979691
39,39,23590,KOSPI,다우기술,"자료처리, 호스팅, 포털 및 기타 인터넷 정보매개 서비스업","인터넷솔루션 개발,도매,IT컨설팅,시스템 설계,자문,인터넷관련서비스/부동산분양,개발,임대",1997-08-27,12월,김윤덕,http://www.daou.co.kr,경기도,2021-03-19,593825618214.0,299010956770.0,-392920481286.0,50454943179.0,171995526687.0,50.35,-66.17,8.5,1224731540234.0,368540080638.0,-942079396062.0,122607677969.0,274069422636.0,30.09,-76.92,10.01,4496.0,772682211556.0,122491122988.0,-2058552791594.0,53896373256.0,387510412661.0,15.85,-266.42,6.98,725207312102.0,98678660687.0,-888644330580.0,33892235276.0,70929532973.0,13.61,-122.54,4.67,4804.0,2901833125630.0,507538852790.0,-2947197122174.0,185320075859.0,4130.0,72321.0,59374.0,0.52,0.75,6.22,6.96,34.5,16.48,-23.147497207399788,
58,58,10820,KOSPI,퍼스텍,무기 및 총포탄 제조업,"방위산업제품,프린터,불소화합물,자동차용 매트 제조/얼굴인식시스템 개발",1989-05-10,12월,손경석,http://www.firsteccom.co.kr,경상남도,2021-03-17,36821447141.0,2551493420.0,-6939868263.0,3654992277.0,7130774233.0,6.93,-18.85,9.93,38895274479.0,1505247524.0,17978507357.0,3519220565.0,0.0,3.87,46.22,9.05,304.0,50226438229.0,-1690046270.0,5000792830.0,-7318101410.0,7130774233.0,-3.36,9.96,-14.57,27844725689.0,-1123459557.0,25731105568.0,-1340312307.0,0.0,-4.03,92.41,-4.81,-608.0,126313853891.0,-4660893705.0,30731898398.0,-10486349719.0,-218.0,930.0,567.0,8.09,-5.76,32.68,-38.44,10.29,7.9,-26.689113464271408,
52,52,35000,KOSPI,지투알,회사 본부 및 경영 컨설팅 서비스업,지주회사,1999-08-11,12월,정성수,http://www.g2rgroup.com/korean/main/main.asp,서울특별시,2021-03-12,167432303518.0,33000794935.0,-9614275431.0,14929857185.0,14929944731.0,19.71,-5.74,8.92,65055772139.0,-646445471.0,20643481687.0,-1503212220.0,-1497852855.0,-0.99,31.73,-2.31,3604.0,238921310453.0,30305681546.0,-5856969961.0,25631722109.0,19413851803.0,12.68,-2.45,10.73,75372268718.0,-4714771504.0,25668600170.0,-4473839992.0,-4477666571.0,-6.26,34.06,-5.94,6188.0,542087210968.0,21891878780.0,19811630209.0,15257670999.0,920.0,8771.0,8625.0,11.26,3.03,41.09,10.68,7.030000000000001,5.27,-29.92156990912836,
